<?xml version="1.0" encoding="UTF-8"?>
<kml xmlns="http://earth.google.com/kml/2.1" xmlns:gx="http://www.google.com/kml/ext/2.2">
	<Document>
		<name>Barefoot Elephant Lodge</name>
        <LookAt>
            <longitude>25.72249</longitude>
            <latitude>-33.301019999999994</latitude>
            <altitude>0</altitude>
            <altitudeMode>clampToGround</altitudeMode>
            <heading>0</heading>
            <range>4606.057070819863</range>
            <tilt>0</tilt>
        </LookAt>
		<StyleMap id="style_tick">
			<Pair>
				<key>normal</key>
				<styleUrl>#ptick</styleUrl>
			</Pair>
			<Pair>
				<key>highlight</key>
				<styleUrl>#ptick</styleUrl>
			</Pair>
		</StyleMap>
		<Style id="ptick">
			<IconStyle>
				<Icon>
				</Icon>
			</IconStyle>
			<LabelStyle>
				<color>ff00ffff</color>
				<scale>0.8</scale>
			</LabelStyle>
			<PolyStyle>
			 <color>ffffffff</color>
			</PolyStyle>
		</Style>
		<StyleMap id="antenna">
			<Pair>
				<key>normal</key>
				<styleUrl>#pantenna</styleUrl>
			</Pair>
			<Pair>
				<key>highlight</key>
				<styleUrl>#pantenna</styleUrl>
			</Pair>
		</StyleMap>
		<Style id="pantenna">
			<IconStyle>
				<scale>1.1</scale>
				<Icon>
					<href>http://maps.google.com/mapfiles/kml/pal3/icon61.png</href>
				</Icon>
			</IconStyle>
			<LabelStyle>
				<color>ff00ffff</color>
				<scale>0</scale>
			</LabelStyle>
		</Style>
		<StyleMap id="msn_triangle">
			<Pair>
				<key>normal</key>
				<styleUrl>#sn_triangle</styleUrl>
			</Pair>
			<Pair>
				<key>highlight</key>
				<styleUrl>#sn_triangle</styleUrl>
			</Pair>
		</StyleMap>
		<Style id="sn_triangle">
			<IconStyle>
				<color>ff00ffff</color>
				<scale>0.5</scale>
				<Icon>
					<href>http://maps.google.com/mapfiles/kml/shapes/triangle.png</href>
				</Icon>
			</IconStyle>
			<LabelStyle>
				<color>ff00ffff</color>
				<scale>0.7</scale>
			</LabelStyle>
		</Style>
		<StyleMap id="vertical_fresnel">
			<Pair>
				<key>normal</key>
				<styleUrl>#pvertical_fresnel</styleUrl>
			</Pair>
			<Pair>
				<key>highlight</key>
				<styleUrl>#pvertical_fresnel</styleUrl>
			</Pair>
		</StyleMap>
		<Style id="pvertical_fresnel">
			 <PolyStyle>
				<color>90ff3030</color>
				<outline>0</outline>
			</PolyStyle>
		</Style>
		<StyleMap id="ground_path">
			<Pair>
				<key>normal</key>
				<styleUrl>#plos_path</styleUrl>
			</Pair>
			<Pair>
				<key>highlight</key>
				<styleUrl>#plos_path</styleUrl>
			</Pair>
		</StyleMap>
		<Style id="plos_path">
			<LineStyle>
				<color>ffffffff</color>
				<width>1</width>
			</LineStyle>
		</Style>
		<StyleMap id="ground_fresnel">
			<Pair>
				<key>normal</key>
				<styleUrl>#pground_fresnel</styleUrl>
			</Pair>
			<Pair>
				<key>highlight</key>
				<styleUrl>#pground_fresnel</styleUrl>
			</Pair>
		</StyleMap>
		<Style id="pground_fresnel">
			<PolyStyle>
				<color>66ff00ff</color>
				<outline>0</outline>
			</PolyStyle>
		</Style>
    		<StyleMap id="site">
    			<Pair>
    				<key>normal</key>
    				<styleUrl>#site_style</styleUrl>
    			</Pair>
    			<Pair>
    				<key>highlight</key>
    				<styleUrl>#site_highlight_style</styleUrl>
    			</Pair>
    		</StyleMap>
    		<Style id="site_style">
    			<IconStyle>
    				<scale>0.7</scale>
    				<Icon>
                        <href>http://linkplanner.cambiumnetworks.com/lp_icons/site.png</href>
    				</Icon>
    			</IconStyle>
    			<LabelStyle>
    				<scale>0.7</scale>
    			</LabelStyle>
    		</Style>
    		<Style id="site_highlight_style">
    			<IconStyle>
    				<scale>0.9</scale>
    				<Icon>
                        <href>http://linkplanner.cambiumnetworks.com/lp_icons/site_selected.png</href>
    				</Icon>
    			</IconStyle>
    			<LabelStyle>
    				<scale>0.8</scale>
    			</LabelStyle>
    		</Style>
    		<StyleMap id="subscriber_site">
    			<Pair>
    				<key>normal</key>
    				<styleUrl>#subscriber_site_style</styleUrl>
    			</Pair>
    			<Pair>
    				<key>highlight</key>
    				<styleUrl>#subscriber_site_highlight_style</styleUrl>
    			</Pair>
    		</StyleMap>
    		<Style id="subscriber_site_style">
    			<IconStyle>
    				<scale>0.5</scale>
    				<Icon>
                        <href>http://linkplanner.cambiumnetworks.com/lp_icons/subscriber_site.png</href>
    				</Icon>
    			</IconStyle>
    			<LabelStyle>
    				<scale>0.7</scale>
    			</LabelStyle>
    		</Style>
    		<Style id="subscriber_site_highlight_style">
    			<IconStyle>
    				<scale>0.9</scale>
    				<Icon>
                        <href>http://linkplanner.cambiumnetworks.com/lp_icons/subscriber_site_selected.png</href>
    				</Icon>
    			</IconStyle>
    			<LabelStyle>
    				<scale>0.8</scale>
    			</LabelStyle>
    		</Style>
    		<StyleMap id="subscriber">
    			<Pair>
    				<key>normal</key>
    				<styleUrl>#subscriber_style</styleUrl>
    			</Pair>
    			<Pair>
    				<key>highlight</key>
    				<styleUrl>#subscriber_highlight_style</styleUrl>
    			</Pair>
    		</StyleMap>
    		<Style id="subscriber_style">
    			<IconStyle>
    				<scale>0.7</scale>
    				<Icon>
                        <href>http://linkplanner.cambiumnetworks.com/lp_icons/subscriber.png</href>
    				</Icon>
    			</IconStyle>
    			<LabelStyle>
    				<scale>0.7</scale>
    			</LabelStyle>
    		</Style>
    		<Style id="subscriber_highlight_style">
    			<IconStyle>
    				<scale>0.9</scale>
    				<Icon>
                        <href>http://linkplanner.cambiumnetworks.com/lp_icons/subscriber_selected.png</href>
    				</Icon>
    			</IconStyle>
    			<LabelStyle>
    				<scale>0.8</scale>
    			</LabelStyle>
    		</Style>
		 <StyleMap id="los_path_#ff0000">
			<Pair>
				<key>normal</key>
				<styleUrl>#pground_path_#ff0000</styleUrl>
			</Pair>
			<Pair>
				<key>highlight</key>
				<styleUrl>#pground_path_#ff0000</styleUrl>
			</Pair>
		</StyleMap>
		<Style id="pground_path_#ff0000">
			<LineStyle>
				<color>ff0000ff</color>
				<width>4</width>
			</LineStyle>
		</Style>
         <StyleMap id="access_point_#f4a46088">
            <Pair>
                <key>normal</key>
                <styleUrl>#ap_#f4a46088</styleUrl>
            </Pair>
            <Pair>
                <key>highlight</key>
                <styleUrl>#ap_#f4a46088</styleUrl>
            </Pair>
        </StyleMap>
        <Style id="ap_#f4a46088">
            <LineStyle>
                <color>8860a4f4</color>
                <width>1</width>
            </LineStyle>
            <PolyStyle>
                <color>8860a4f4</color>
            </PolyStyle>
        </Style>
        <!--
        <Style py:for="colour in ap_colours"
                id="${'sightline_%s'%colour}">
            <LineStyle>
                <color>${convert_colour(colour, remove_alpha=True)}</color>
                <width>3</width>
                <gx:outerColor>00ff0000</gx:outerColor>
                <gx:outerWidth>10</gx:outerWidth>
            </LineStyle>
        </Style>
        -->
        <Style id="sightline">
            <LineStyle>
                <color>ff000000</color>
                <width>2</width>
            </LineStyle>
        </Style>
		<open>1</open>
		<Folder>
			<name>Network Sites</name>
			<Placemark id="site_140349983550320">
				<name>7</name>
				<description>
				</description>
				<styleUrl>#site</styleUrl>
				<Point>
					<altitudeMode>relativeToGround</altitudeMode>
                    <extrude>1</extrude>
					<coordinates>25.73526,-33.30376,10.0</coordinates>
				</Point>
            </Placemark><Placemark id="site_140349983548784">
				<name>Tower</name>
				<description>
				</description>
				<styleUrl>#site</styleUrl>
				<Point>
					<altitudeMode>relativeToGround</altitudeMode>
                    <extrude>1</extrude>
					<coordinates>25.73183,-33.31005,15.0</coordinates>
				</Point>
            </Placemark>
		</Folder>
		<Folder>
			<name>Subscriber Sites</name>
			<Placemark id="site_140349983360592">
                <name>1</name>
                <description>
				  <![CDATA[
                  ]]>
				</description>
				<styleUrl>#subscriber_site</styleUrl>
				<Point>
					<altitudeMode>relativeToGround</altitudeMode>
                    <extrude>1</extrude>
					<coordinates>25.73594,-33.30402,10.0</coordinates>
				</Point>
			</Placemark><Placemark id="site_140349983373120">
                <name>2</name>
                <description>
				  <![CDATA[
                  ]]>
				</description>
				<styleUrl>#subscriber_site</styleUrl>
				<Point>
					<altitudeMode>relativeToGround</altitudeMode>
                    <extrude>1</extrude>
					<coordinates>25.73599,-33.30329,10.0</coordinates>
				</Point>
			</Placemark><Placemark id="site_140349983549792">
                <name>3</name>
                <description>
				  <![CDATA[
                  ]]>
				</description>
				<styleUrl>#subscriber_site</styleUrl>
				<Point>
					<altitudeMode>relativeToGround</altitudeMode>
                    <extrude>1</extrude>
					<coordinates>25.73572,-33.30349,10.0</coordinates>
				</Point>
			</Placemark><Placemark id="site_140349983375328">
                <name>4</name>
                <description>
				  <![CDATA[
                  ]]>
				</description>
				<styleUrl>#subscriber_site</styleUrl>
				<Point>
					<altitudeMode>relativeToGround</altitudeMode>
                    <extrude>1</extrude>
					<coordinates>25.73557,-33.30318,10.0</coordinates>
				</Point>
			</Placemark><Placemark id="site_140349983211296">
                <name>5</name>
                <description>
				  <![CDATA[
                  ]]>
				</description>
				<styleUrl>#subscriber_site</styleUrl>
				<Point>
					<altitudeMode>relativeToGround</altitudeMode>
                    <extrude>1</extrude>
					<coordinates>25.73586,-33.30305,10.0</coordinates>
				</Point>
			</Placemark><Placemark id="site_140349983540480">
                <name>6</name>
                <description>
				  <![CDATA[
                  ]]>
				</description>
				<styleUrl>#subscriber_site</styleUrl>
				<Point>
					<altitudeMode>relativeToGround</altitudeMode>
                    <extrude>1</extrude>
					<coordinates>25.73554,-33.30391,10.0</coordinates>
				</Point>
			</Placemark><Placemark id="site_140349983540720">
                <name>7</name>
                <description>
				  <![CDATA[
                  ]]>
				</description>
				<styleUrl>#subscriber_site</styleUrl>
				<Point>
					<altitudeMode>relativeToGround</altitudeMode>
                    <extrude>1</extrude>
					<coordinates>25.73526,-33.30376,10.0</coordinates>
				</Point>
			</Placemark><Placemark id="site_140349983540048">
                <name>8</name>
                <description>
				  <![CDATA[
                  ]]>
				</description>
				<styleUrl>#subscriber_site</styleUrl>
				<Point>
					<altitudeMode>relativeToGround</altitudeMode>
                    <extrude>1</extrude>
					<coordinates>25.73487,-33.30376,10.0</coordinates>
				</Point>
			</Placemark><Placemark id="site_140349983549360">
                <name>9</name>
                <description>
				  <![CDATA[
                  ]]>
				</description>
				<styleUrl>#subscriber_site</styleUrl>
				<Point>
					<altitudeMode>relativeToGround</altitudeMode>
                    <extrude>1</extrude>
					<coordinates>25.73475,-33.30345,10.0</coordinates>
				</Point>
			</Placemark><Placemark id="site_140349983550032">
                <name>10</name>
                <description>
				  <![CDATA[
                  ]]>
				</description>
				<styleUrl>#subscriber_site</styleUrl>
				<Point>
					<altitudeMode>relativeToGround</altitudeMode>
                    <extrude>1</extrude>
					<coordinates>25.7345,-33.30336,10.0</coordinates>
				</Point>
			</Placemark><Placemark id="site_140349983548112">
                <name>11</name>
                <description>
				  <![CDATA[
                  ]]>
				</description>
				<styleUrl>#subscriber_site</styleUrl>
				<Point>
					<altitudeMode>relativeToGround</altitudeMode>
                    <extrude>1</extrude>
					<coordinates>25.73624,-33.30338,10.0</coordinates>
				</Point>
			</Placemark><Placemark id="site_140349983543456">
                <name>Boma</name>
                <description>
				  <![CDATA[
                  ]]>
				</description>
				<styleUrl>#subscriber_site</styleUrl>
				<Point>
					<altitudeMode>relativeToGround</altitudeMode>
                    <extrude>1</extrude>
					<coordinates>25.73432,-33.30185,10.0</coordinates>
				</Point>
			</Placemark><Placemark id="site_140349983542304">
                <name>Directors House</name>
                <description>
				  <![CDATA[
                  ]]>
				</description>
				<styleUrl>#subscriber_site</styleUrl>
				<Point>
					<altitudeMode>relativeToGround</altitudeMode>
                    <extrude>1</extrude>
					<coordinates>25.71206,-33.29671,10.0</coordinates>
				</Point>
			</Placemark><Placemark id="site_140349983210864">
                <name>Main Link</name>
                <description>
				  <![CDATA[
                  ]]>
				</description>
				<styleUrl>#subscriber_site</styleUrl>
				<Point>
					<altitudeMode>relativeToGround</altitudeMode>
                    <extrude>1</extrude>
					<coordinates>25.73612,-33.30369,10.0</coordinates>
				</Point>
			</Placemark><Placemark id="site_140349985168304">
                <name>School</name>
                <description>
				  <![CDATA[
                  ]]>
				</description>
				<styleUrl>#subscriber_site</styleUrl>
				<Point>
					<altitudeMode>relativeToGround</altitudeMode>
                    <extrude>1</extrude>
					<coordinates>25.73428,-33.30258,10.0</coordinates>
				</Point>
			</Placemark><Placemark id="site_140349987086192">
                <name>Spa</name>
                <description>
				  <![CDATA[
                  ]]>
				</description>
				<styleUrl>#subscriber_site</styleUrl>
				<Point>
					<altitudeMode>relativeToGround</altitudeMode>
                    <extrude>1</extrude>
					<coordinates>25.73746,-33.30408,10.0</coordinates>
				</Point>
			</Placemark><Placemark id="site_140349983541776">
                <name>Staff 1</name>
                <description>
				  <![CDATA[
                  ]]>
				</description>
				<styleUrl>#subscriber_site</styleUrl>
				<Point>
					<altitudeMode>relativeToGround</altitudeMode>
                    <extrude>1</extrude>
					<coordinates>25.71291,-33.29702,10.0</coordinates>
				</Point>
			</Placemark><Placemark id="site_140349983544080">
                <name>Staff 2</name>
                <description>
				  <![CDATA[
                  ]]>
				</description>
				<styleUrl>#subscriber_site</styleUrl>
				<Point>
					<altitudeMode>relativeToGround</altitudeMode>
                    <extrude>1</extrude>
					<coordinates>25.7124,-33.29685,10.0</coordinates>
				</Point>
			</Placemark><Placemark id="site_140349983541296">
                <name>Staff 3</name>
                <description>
				  <![CDATA[
                  ]]>
				</description>
				<styleUrl>#subscriber_site</styleUrl>
				<Point>
					<altitudeMode>relativeToGround</altitudeMode>
                    <extrude>1</extrude>
					<coordinates>25.70994,-33.29568,10.0</coordinates>
				</Point>
			</Placemark><Placemark id="site_140349983542400">
                <name>Staff 4</name>
                <description>
				  <![CDATA[
                  ]]>
				</description>
				<styleUrl>#subscriber_site</styleUrl>
				<Point>
					<altitudeMode>relativeToGround</altitudeMode>
                    <extrude>1</extrude>
					<coordinates>25.70807,-33.29353,10.0</coordinates>
				</Point>
			</Placemark><Placemark id="site_140349983545424">
                <name>Staff 5</name>
                <description>
				  <![CDATA[
                  ]]>
				</description>
				<styleUrl>#subscriber_site</styleUrl>
				<Point>
					<altitudeMode>relativeToGround</altitudeMode>
                    <extrude>1</extrude>
					<coordinates>25.70797,-33.29312,10.0</coordinates>
				</Point>
			</Placemark><Placemark id="site_140349983546768">
                <name>Staff 6</name>
                <description>
				  <![CDATA[
                  ]]>
				</description>
				<styleUrl>#subscriber_site</styleUrl>
				<Point>
					<altitudeMode>relativeToGround</altitudeMode>
                    <extrude>1</extrude>
					<coordinates>25.7078,-33.29286,10.0</coordinates>
				</Point>
			</Placemark><Placemark id="site_140349983546672">
                <name>Staff 7</name>
                <description>
				  <![CDATA[
                  ]]>
				</description>
				<styleUrl>#subscriber_site</styleUrl>
				<Point>
					<altitudeMode>relativeToGround</altitudeMode>
                    <extrude>1</extrude>
					<coordinates>25.70789,-33.29254,10.0</coordinates>
				</Point>
			</Placemark><Placemark id="site_140349983546864">
                <name>Staff 8</name>
                <description>
				  <![CDATA[
                  ]]>
				</description>
				<styleUrl>#subscriber_site</styleUrl>
				<Point>
					<altitudeMode>relativeToGround</altitudeMode>
                    <extrude>1</extrude>
					<coordinates>25.7078,-33.29199,10.0</coordinates>
				</Point>
			</Placemark><Placemark id="site_140349983548976">
                <name>Staff 9</name>
                <description>
				  <![CDATA[
                  ]]>
				</description>
				<styleUrl>#subscriber_site</styleUrl>
				<Point>
					<altitudeMode>relativeToGround</altitudeMode>
                    <extrude>1</extrude>
					<coordinates>25.70802,-33.29216,10.0</coordinates>
				</Point>
			</Placemark><Placemark id="site_140349983549504">
                <name>Staff 10</name>
                <description>
				  <![CDATA[
                  ]]>
				</description>
				<styleUrl>#subscriber_site</styleUrl>
				<Point>
					<altitudeMode>relativeToGround</altitudeMode>
                    <extrude>1</extrude>
					<coordinates>25.70752,-33.29327,10.0</coordinates>
				</Point>
			</Placemark><Placemark id="site_140349983544272">
                <name>Villas</name>
                <description>
				  <![CDATA[
                  ]]>
				</description>
				<styleUrl>#subscriber_site</styleUrl>
				<Point>
					<altitudeMode>relativeToGround</altitudeMode>
                    <extrude>1</extrude>
					<coordinates>25.7341,-33.29425,10.0</coordinates>
				</Point>
			</Placemark><Placemark id="site_140349983540528">
                <name>Workshop</name>
                <description>
				  <![CDATA[
                  ]]>
				</description>
				<styleUrl>#subscriber_site</styleUrl>
				<Point>
					<altitudeMode>relativeToGround</altitudeMode>
                    <extrude>1</extrude>
					<coordinates>25.73409,-33.30224,10.0</coordinates>
				</Point>
			</Placemark>
		</Folder>
		<Folder>
			<name>PTP Links</name>
		</Folder>
        <Folder>
            <name>PMP Network Devices</name>
            <Folder id="access_point_140349983686096">
                <name>7 : 000</name>
                <Placemark>
                <name>Sector</name>
                <styleUrl>#access_point_#f4a46088</styleUrl>
                <Polygon>
                  <outerBoundaryIs>
                    <LinearRing>
                      <coordinates>
                          25.73526,-33.30376,0
                          25.72596,-33.29925,0
                          25.72615,-33.29898,0
                          25.72636,-33.29872,0
                          25.72657,-33.29846,0
                          25.7268,-33.29821,0
                          25.72704,-33.29796,0
                          25.72728,-33.29773,0
                          25.72754,-33.2975,0
                          25.7278,-33.29727,0
                          25.72808,-33.29706,0
                          25.72836,-33.29685,0
                          25.72865,-33.29665,0
                          25.72895,-33.29647,0
                          25.72926,-33.29628,0
                          25.72957,-33.29611,0
                          25.72989,-33.29595,0
                          25.73022,-33.2958,0
                          25.73055,-33.29566,0
                          25.73089,-33.29552,0
                          25.73124,-33.2954,0
                          25.73159,-33.29529,0
                          25.73194,-33.29518,0
                          25.7323,-33.29509,0
                          25.73266,-33.29501,0
                          25.73303,-33.29494,0
                          25.7334,-33.29488,0
                          25.73377,-33.29483,0
                          25.73414,-33.29479,0
                          25.73451,-33.29477,0
                          25.73489,-33.29475,0
                          25.73526,-33.29474,0
                          25.73563,-33.29475,0
                          25.73601,-33.29477,0
                          25.73638,-33.29479,0
                          25.73675,-33.29483,0
                          25.73712,-33.29488,0
                          25.73749,-33.29494,0
                          25.73786,-33.29501,0
                          25.73822,-33.29509,0
                          25.73858,-33.29518,0
                          25.73893,-33.29529,0
                          25.73928,-33.2954,0
                          25.73963,-33.29552,0
                          25.73997,-33.29566,0
                          25.7403,-33.2958,0
                          25.74063,-33.29595,0
                          25.74095,-33.29611,0
                          25.74126,-33.29628,0
                          25.74157,-33.29647,0
                          25.74187,-33.29665,0
                          25.74216,-33.29685,0
                          25.74244,-33.29706,0
                          25.74272,-33.29727,0
                          25.74298,-33.2975,0
                          25.74324,-33.29773,0
                          25.74348,-33.29796,0
                          25.74372,-33.29821,0
                          25.74395,-33.29846,0
                          25.74416,-33.29872,0
                          25.74437,-33.29898,0
                          25.74456,-33.29925,0
                          25.73526,-33.30376,0
                      </coordinates>
                    </LinearRing>
                  </outerBoundaryIs>
                </Polygon>
              </Placemark>
              <!-- Insert the sector azimuth line for DNs -->
            </Folder><Folder id="access_point_140349983685856">
                <name>Tower : 000</name>
                <Placemark>
                <name>Sector</name>
                <styleUrl>#access_point_#f4a46088</styleUrl>
                <Polygon>
                  <outerBoundaryIs>
                    <LinearRing>
                      <coordinates>
                          25.73183,-33.31005,0
                          25.69464,-33.29201,0
                          25.69541,-33.29093,0
                          25.69623,-33.28988,0
                          25.69709,-33.28885,0
                          25.69799,-33.28784,0
                          25.69893,-33.28686,0
                          25.69992,-33.28591,0
                          25.70094,-33.28499,0
                          25.702,-33.2841,0
                          25.7031,-33.28324,0
                          25.70423,-33.28242,0
                          25.70539,-33.28163,0
                          25.70659,-33.28087,0
                          25.70782,-33.28015,0
                          25.70908,-33.27946,0
                          25.71036,-33.27881,0
                          25.71167,-33.2782,0
                          25.71301,-33.27763,0
                          25.71437,-33.2771,0
                          25.71575,-33.27661,0
                          25.71714,-33.27616,0
                          25.71856,-33.27575,0
                          25.72,-33.27538,0
                          25.72144,-33.27506,0
                          25.7229,-33.27477,0
                          25.72437,-33.27453,0
                          25.72585,-33.27434,0
                          25.72734,-33.27418,0
                          25.72883,-33.27407,0
                          25.73033,-33.27401,0
                          25.73183,-33.27398,0
                          25.73333,-33.27401,0
                          25.73483,-33.27407,0
                          25.73632,-33.27418,0
                          25.73781,-33.27434,0
                          25.73929,-33.27453,0
                          25.74076,-33.27477,0
                          25.74222,-33.27506,0
                          25.74366,-33.27538,0
                          25.7451,-33.27575,0
                          25.74652,-33.27616,0
                          25.74791,-33.27661,0
                          25.74929,-33.2771,0
                          25.75065,-33.27763,0
                          25.75199,-33.2782,0
                          25.7533,-33.27881,0
                          25.75458,-33.27946,0
                          25.75584,-33.28015,0
                          25.75707,-33.28087,0
                          25.75827,-33.28163,0
                          25.75943,-33.28242,0
                          25.76056,-33.28324,0
                          25.76166,-33.2841,0
                          25.76272,-33.28499,0
                          25.76374,-33.28591,0
                          25.76473,-33.28686,0
                          25.76567,-33.28784,0
                          25.76657,-33.28885,0
                          25.76743,-33.28988,0
                          25.76825,-33.29093,0
                          25.76902,-33.29201,0
                          25.73183,-33.31005,0
                      </coordinates>
                    </LinearRing>
                  </outerBoundaryIs>
                </Polygon>
              </Placemark>
              <!-- Insert the sector azimuth line for DNs -->
            </Folder>
        </Folder>
        <Folder>
            <name>Mesh Links</name>
        </Folder>
		<Folder>
			<name>PMP Links</name>
			<Folder>
				<name>7 : 000 to 2</name>
				<description></description>
				<LookAt>
					<longitude>25.73563</longitude>
					<latitude>-33.30353</latitude>
					<altitude>0</altitude>
					<altitudeMode>clampToGround</altitudeMode>
					<heading>-37.47853142356531</heading>
					<range>85.67046038569389</range>
					<tilt>68</tilt>
				</LookAt>
                <Placemark>
                    <name>Vertical Fresnel</name>
                    <styleUrl>#pvertical_fresnel</styleUrl>
                    <LookAt>
                        <longitude>25.73563</longitude>
                        <latitude>-33.30353</latitude>
                        <altitude>0</altitude>
                        <altitudeMode>clampToGround</altitudeMode>
                        <heading>-37.47853142356531</heading>
                        <range>85.67046038569389</range>
                        <tilt>68</tilt>
                    </LookAt>
                    <Polygon>
                        <extrude>0</extrude>
                        <altitudeMode>absolute</altitudeMode>
                        <outerBoundaryIs>
                            <LinearRing>
                            <coordinates>
                              25.73526,-33.30376,566.071993626738
                              25.73526,-33.30376,566.0086242367662
                              25.73526,-33.30376,565.9179755666672
                              25.73527,-33.30375,565.8006064956365
                              25.73528,-33.30375,565.657240643026
                              25.73529,-33.30374,565.4887619069908
                              25.7353,-33.30373,565.2962090149638
                              25.73531,-33.30373,565.0807691195545
                              25.73533,-33.30372,564.8437704793593
                              25.73535,-33.3037,564.5866742698047
                              25.73537,-33.30369,564.3110655745161
                              25.73539,-33.30368,564.018643612749
                              25.73541,-33.30366,563.7112112631378
                              25.73543,-33.30365,563.3906639483497
                              25.73546,-33.30363,563.0589779491729
                              25.73549,-33.30361,562.7181982200893
                              25.73551,-33.3036,562.3704257814495
                              25.73554,-33.30358,562.0178047659837
                              25.73557,-33.30356,561.6625091995104
                              25.7356,-33.30354,561.3067295973452
                              25.73563,-33.30352,560.9526594590436
                              25.73565,-33.30351,560.602481744749
                              25.73568,-33.30349,560.2583554165155
                              25.73571,-33.30347,559.9224021275908
                              25.73574,-33.30345,559.5966931417163
                              25.73576,-33.30344,559.2832365630995
                              25.73579,-33.30342,558.9839649557824
                              25.73582,-33.3034,558.7007234287422
                              25.73584,-33.30339,558.4352582601801
                              25.73586,-33.30337,558.1892061311368
                              25.73588,-33.30336,557.9640840348083
                              25.7359,-33.30335,557.761279923779
                              25.73592,-33.30333,557.5820441528327
                              25.73594,-33.30332,557.4274817700993
                              25.73595,-33.30332,557.2985457040658
                              25.73596,-33.30331,557.1960308884545
                              25.73597,-33.3033,557.1205693611934
                              25.73598,-33.3033,557.0726263676917
                              25.73599,-33.30329,557.0524974924467
                              25.73599,-33.30329,557.0603068366681
                              25.73599,-33.30329,557.0959936272412
                              25.73599,-33.30329,557.0960063731503
                              25.73599,-33.30329,557.1593561336449
                              25.73599,-33.30329,557.2499979211991
                              25.73598,-33.3033,557.3673602731407
                              25.73597,-33.3033,557.5107196115429
                              25.73596,-33.30331,557.6791920784126
                              25.73595,-33.30332,557.871738984969
                              25.73594,-33.30332,558.0871732155047
                              25.73592,-33.30333,558.3241665463491
                              25.7359,-33.30335,558.5812578348097
                              25.73588,-33.30336,558.8568620276013
                              25.73586,-33.30337,559.1492799332278
                              25.73584,-33.30339,559.456708698062
                              25.73582,-33.3034,559.7772529215384
                              25.73579,-33.30342,560.1089363419275
                              25.73576,-33.30344,560.4497140206465
                              25.73574,-33.30345,560.7974849499863
                              25.73571,-33.30347,561.1501050065218
                              25.73568,-33.30349,561.5054001703463
                              25.73565,-33.30351,561.8611799286275
                              25.73563,-33.30352,562.2152507808464
                              25.7356,-33.30354,562.5654297624588
                              25.73557,-33.30356,562.9095579035968
                              25.73554,-33.30358,563.245513539836
                              25.73551,-33.3036,563.5712253929623
                              25.73549,-33.30361,563.884685341091
                              25.73546,-33.30363,564.1839607994061
                              25.73543,-33.30365,564.4672066351876
                              25.73541,-33.30366,564.7326765436694
                              25.73539,-33.30368,564.9787338145877
                              25.73537,-33.30369,565.2038614230453
                              25.73535,-33.3037,565.4066713824732
                              25.73533,-33.30372,565.5859133020305
                              25.73531,-33.30373,565.7404820956791
                              25.7353,-33.30373,565.869424795407
                              25.73529,-33.30374,565.9719464265924
                              25.73528,-33.30375,566.0474149092872
                              25.73527,-33.30375,566.0953649551997
                              25.73526,-33.30376,566.1155009363519
                              25.73526,-33.30376,566.1076987077241
                              25.73526,-33.30376,566.0720063726505
                            </coordinates>
                            </LinearRing>
                        </outerBoundaryIs>
                    </Polygon>
                </Placemark>
                <Placemark>
                    <name>Ground Fresnel</name>
                    <styleUrl>#ground_fresnel</styleUrl>
                    <LookAt>
                        <longitude>25.73563</longitude>
                        <latitude>-33.30353</latitude>
                        <altitude>0</altitude>
                        <altitudeMode>clampToGround</altitudeMode>
                        <heading>-37.47853142356531</heading>
                        <range>85.67046038569389</range>
                        <tilt>68</tilt>
                    </LookAt>
                    <visibility>1</visibility>
                    <Polygon>
                      <extrude>0</extrude>
                      <tessellate>1</tessellate>
                      <altitudeMode>clampToGround </altitudeMode>
                      <outerBoundaryIs>
                        <LinearRing>
                          <coordinates>
                              25.73526,-33.30376,0
                              25.73526,-33.30376,0
                              25.73526,-33.30376,0
                              25.73527,-33.30375,0
                              25.73528,-33.30375,0
                              25.73529,-33.30374,0
                              25.7353,-33.30373,0
                              25.73531,-33.30373,0
                              25.73533,-33.30372,0
                              25.73535,-33.3037,0
                              25.73537,-33.30369,0
                              25.73539,-33.30368,0
                              25.73541,-33.30366,0
                              25.73543,-33.30365,0
                              25.73546,-33.30363,0
                              25.73549,-33.30361,0
                              25.73551,-33.3036,0
                              25.73554,-33.30358,0
                              25.73557,-33.30356,0
                              25.7356,-33.30354,0
                              25.73563,-33.30352,0
                              25.73565,-33.30351,0
                              25.73568,-33.30349,0
                              25.73571,-33.30347,0
                              25.73574,-33.30345,0
                              25.73576,-33.30344,0
                              25.73579,-33.30342,0
                              25.73582,-33.3034,0
                              25.73584,-33.30339,0
                              25.73586,-33.30337,0
                              25.73588,-33.30336,0
                              25.7359,-33.30335,0
                              25.73592,-33.30333,0
                              25.73594,-33.30332,0
                              25.73595,-33.30332,0
                              25.73596,-33.30331,0
                              25.73597,-33.3033,0
                              25.73598,-33.3033,0
                              25.73599,-33.30329,0
                              25.73599,-33.30329,0
                              25.73599,-33.30329,0
                              25.73599,-33.30329,0
                              25.73599,-33.30329,0
                              25.73599,-33.30329,0
                              25.73598,-33.3033,0
                              25.73597,-33.3033,0
                              25.73596,-33.30331,0
                              25.73595,-33.30332,0
                              25.73594,-33.30332,0
                              25.73592,-33.30333,0
                              25.7359,-33.30335,0
                              25.73588,-33.30336,0
                              25.73586,-33.30337,0
                              25.73584,-33.30339,0
                              25.73582,-33.3034,0
                              25.73579,-33.30342,0
                              25.73576,-33.30344,0
                              25.73574,-33.30345,0
                              25.73571,-33.30347,0
                              25.73568,-33.30349,0
                              25.73565,-33.30351,0
                              25.73563,-33.30352,0
                              25.7356,-33.30354,0
                              25.73557,-33.30356,0
                              25.73554,-33.30358,0
                              25.73551,-33.3036,0
                              25.73549,-33.30361,0
                              25.73546,-33.30363,0
                              25.73543,-33.30365,0
                              25.73541,-33.30366,0
                              25.73539,-33.30368,0
                              25.73537,-33.30369,0
                              25.73535,-33.3037,0
                              25.73533,-33.30372,0
                              25.73531,-33.30373,0
                              25.7353,-33.30373,0
                              25.73529,-33.30374,0
                              25.73528,-33.30375,0
                              25.73527,-33.30375,0
                              25.73526,-33.30376,0
                              25.73526,-33.30376,0
                              25.73526,-33.30376,0
                          </coordinates>
                        </LinearRing>
                      </outerBoundaryIs>
                    </Polygon>
                </Placemark>
				<Placemark>
					<name>LoS</name>
					<styleUrl>#los_path_#ff0000</styleUrl>
					<LookAt>
						<longitude>25.73563</longitude>
						<latitude>-33.30353</latitude>
						<altitude>0</altitude>
						<altitudeMode>clampToGround</altitudeMode>
						<heading>-37.47853142356531</heading>
						<range>85.67046038569389</range>
						<tilt>68</tilt>
					</LookAt>
					<LineString>
						<altitudeMode>relativeToGround</altitudeMode>
						<coordinates>
							25.73526,-33.30376,10
                            25.73599,-33.30329,10
						</coordinates>
					</LineString>
				</Placemark>
				<Placemark>
					<name>Ground</name>
					<styleUrl>#ground_path</styleUrl>
					<LookAt>
						<longitude>25.73563</longitude>
						<latitude>-33.30353</latitude>
						<altitude>0</altitude>
						<altitudeMode>clampToGround</altitudeMode>
						<heading>-37.47853142356531</heading>
						<range>85.67046038569389</range>
						<tilt>68</tilt>
					</LookAt>
					<LineString>
						<altitudeMode>clampToGround</altitudeMode>
						<tessellate>1</tessellate>
						<coordinates>
							25.73526,-33.30376,0
								25.73538,-33.30368,0
								25.73587,-33.30337,0
							 25.73599,-33.30329,0
						</coordinates>
					</LineString>
				</Placemark>
				<Placemark id="end_140349983686096">
					<name>7</name>
					<styleUrl>#antenna</styleUrl>
					<Point>
						<altitudeMode>relativeToGround</altitudeMode>
						<extrude>1</extrude>
						<coordinates>
							25.73526,-33.30376,10
						</coordinates>
					</Point>
					<LookAt>
						<longitude>25.73526</longitude>
						<latitude>-33.30376</latitude>
						<altitude>10</altitude>
						<altitudeMode>clampToGround</altitudeMode>
						<heading>48.52146857643469</heading>
						<range>108.56704603856939</range>
						<tilt>68</tilt>
					</LookAt>
				</Placemark>
                <Placemark>
                    <name>Hp2</name>
                    <styleUrl>#msn_triangle</styleUrl>
                    <LookAt>
                        <longitude>25.73538</longitude>
                        <latitude>-33.30368</latitude>
                        <altitude>0</altitude>
                        <altitudeMode>clampToGround</altitudeMode>
                        <heading>322.5214685764347</heading>
                        <range>500</range>
                        <tilt>68</tilt>
                    </LookAt>
                    <Point>
                        <coordinates>
                            25.73538,-33.30368,553.1513693977425
                        </coordinates>
                    </Point>
                </Placemark><Placemark>
                    <name>Hp1</name>
                    <styleUrl>#msn_triangle</styleUrl>
                    <LookAt>
                        <longitude>25.73587</longitude>
                        <latitude>-33.30337</latitude>
                        <altitude>0</altitude>
                        <altitudeMode>clampToGround</altitudeMode>
                        <heading>322.5214685764347</heading>
                        <range>500</range>
                        <tilt>68</tilt>
                    </LookAt>
                    <Point>
                        <coordinates>
                            25.73587,-33.30337,547.475300988332
                        </coordinates>
                    </Point>
                </Placemark>
				<Placemark id="end_140349974776720">
					<name>2</name>
					<styleUrl>#antenna</styleUrl>
					<Point>
						<altitudeMode>relativeToGround</altitudeMode>
						<extrude>1</extrude>
						<coordinates>
							25.73599,-33.30329,10
						</coordinates>
					</Point>
					<LookAt>
						<longitude>25.73599</longitude>
						<latitude>-33.30329</latitude>
						<altitude>10</altitude>
						<altitudeMode>clampToGround</altitudeMode>
						<heading>228.52106775224075</heading>
						<range>108.56704603856939</range>
						<tilt>68</tilt>
					</LookAt>
				</Placemark>
			</Folder><Folder>
				<name>7 : 000 to 3</name>
				<description></description>
				<LookAt>
					<longitude>25.73549</longitude>
					<latitude>-33.30363</latitude>
					<altitude>0</altitude>
					<altitudeMode>clampToGround</altitudeMode>
					<heading>-34.95347855109106</heading>
					<range>52.26913772945971</range>
					<tilt>68</tilt>
				</LookAt>
                <Placemark>
                    <name>Vertical Fresnel</name>
                    <styleUrl>#pvertical_fresnel</styleUrl>
                    <LookAt>
                        <longitude>25.73549</longitude>
                        <latitude>-33.30363</latitude>
                        <altitude>0</altitude>
                        <altitudeMode>clampToGround</altitudeMode>
                        <heading>-34.95347855109106</heading>
                        <range>52.26913772945971</range>
                        <tilt>68</tilt>
                    </LookAt>
                    <Polygon>
                        <extrude>0</extrude>
                        <altitudeMode>absolute</altitudeMode>
                        <outerBoundaryIs>
                            <LinearRing>
                            <coordinates>
                              25.73526,-33.30376,566.0719950086698
                              25.73526,-33.30376,566.0213799666518
                              25.73526,-33.30376,565.9472301978786
                              25.73527,-33.30376,565.8500028603322
                              25.73527,-33.30375,565.7302973928798
                              25.73528,-33.30375,565.5888518195344
                              25.73529,-33.30375,565.426538199291
                              25.73529,-33.30374,565.2443572495933
                              25.7353,-33.30373,565.0434321765775
                              25.73532,-33.30373,564.825001750133
                              25.73533,-33.30372,564.5904126664743
                              25.73534,-33.30371,564.3411112453111
                              25.73535,-33.3037,564.0786345128059
                              25.73537,-33.3037,563.8046007252971
                              25.73539,-33.30369,563.5206993922098
                              25.7354,-33.30368,563.2286808596697
                              25.73542,-33.30367,562.9303455190358
                              25.73544,-33.30366,562.6275327068895
                              25.73545,-33.30365,562.3221093649133
                              25.73547,-33.30364,562.0159585295739
                              25.73549,-33.30362,561.710967722577
                              25.73551,-33.30361,561.4090173136672
                              25.73553,-33.3036,561.111968927524
                              25.73554,-33.30359,560.821653966227
                              25.73556,-33.30358,560.5398623180519
                              25.73558,-33.30357,560.2683313222146
                              25.73559,-33.30356,560.0087350575983
                              25.73561,-33.30355,559.7626740214984
                              25.73563,-33.30355,559.5316652620261
                              25.73564,-33.30354,559.317133025002
                              25.73565,-33.30353,559.1203999730064
                              25.73566,-33.30352,558.9426790307251
                              25.73568,-33.30352,558.7850659068658
                              25.73569,-33.30351,558.6485323387485
                              25.73569,-33.3035,558.5339201012229
                              25.7357,-33.3035,558.4419358168454
                              25.73571,-33.3035,558.3731465993175
                              25.73571,-33.30349,558.3279765570397
                              25.73572,-33.30349,558.3067041783434
                              25.73572,-33.30349,558.3094606145169
                              25.73572,-33.30349,558.3362190090995
                              25.73572,-33.30349,558.3362289912188
                              25.73572,-33.30349,558.3868281321036
                              25.73572,-33.30349,558.4609719598941
                              25.73571,-33.30349,558.5581934911219
                              25.73571,-33.3035,558.6778933227175
                              25.7357,-33.3035,558.8193334654147
                              25.73569,-33.3035,558.9816418937004
                              25.73569,-33.30351,559.1638179221409
                              25.73568,-33.30352,559.3647383749415
                              25.73566,-33.30352,559.5831645106974
                              25.73565,-33.30353,559.8177496596481
                              25.73564,-33.30354,560.0670475263425
                              25.73563,-33.30355,560.3295211065329
                              25.73561,-33.30355,560.6035521633156
                              25.73559,-33.30356,560.8874512041012
                              25.73558,-33.30357,561.1794678968972
                              25.73556,-33.30358,561.4778018616872
                              25.73554,-33.30359,561.780613770372
                              25.73553,-33.3036,562.0860366868396
                              25.73551,-33.30361,562.3921875772464
                              25.73549,-33.30362,562.6971789195476
                              25.73547,-33.30364,562.9991303406978
                              25.73545,-33.30365,563.2961802097768
                              25.73544,-33.30366,563.5864971155627
                              25.73542,-33.30367,563.8682911577908
                              25.7354,-33.30368,564.139824982485
                              25.73539,-33.30369,564.399424493322
                              25.73537,-33.3037,564.6454891729917
                              25.73535,-33.3037,564.8765019509191
                              25.73534,-33.30371,565.0910385565089
                              25.73533,-33.30372,565.2877763002468
                              25.73532,-33.30373,565.465502228521
                              25.7353,-33.30373,565.6231206018834
                              25.73529,-33.30374,565.7596596506492
                              25.73529,-33.30375,565.8742775661786
                              25.73528,-33.30375,565.9662676909082
                              25.73527,-33.30375,566.0350628751293
                              25.73527,-33.30376,566.0802389736542
                              25.73526,-33.30376,566.1015174608132
                              25.73526,-33.30376,566.098767147657
                              25.73526,-33.30376,566.0720049907809
                            </coordinates>
                            </LinearRing>
                        </outerBoundaryIs>
                    </Polygon>
                </Placemark>
                <Placemark>
                    <name>Ground Fresnel</name>
                    <styleUrl>#ground_fresnel</styleUrl>
                    <LookAt>
                        <longitude>25.73549</longitude>
                        <latitude>-33.30363</latitude>
                        <altitude>0</altitude>
                        <altitudeMode>clampToGround</altitudeMode>
                        <heading>-34.95347855109106</heading>
                        <range>52.26913772945971</range>
                        <tilt>68</tilt>
                    </LookAt>
                    <visibility>1</visibility>
                    <Polygon>
                      <extrude>0</extrude>
                      <tessellate>1</tessellate>
                      <altitudeMode>clampToGround </altitudeMode>
                      <outerBoundaryIs>
                        <LinearRing>
                          <coordinates>
                              25.73526,-33.30376,0
                              25.73526,-33.30376,0
                              25.73526,-33.30376,0
                              25.73527,-33.30376,0
                              25.73527,-33.30375,0
                              25.73528,-33.30375,0
                              25.73529,-33.30375,0
                              25.73529,-33.30374,0
                              25.7353,-33.30373,0
                              25.73532,-33.30373,0
                              25.73533,-33.30372,0
                              25.73534,-33.30371,0
                              25.73535,-33.3037,0
                              25.73537,-33.3037,0
                              25.73539,-33.30369,0
                              25.7354,-33.30368,0
                              25.73542,-33.30367,0
                              25.73544,-33.30366,0
                              25.73545,-33.30365,0
                              25.73547,-33.30364,0
                              25.73549,-33.30362,0
                              25.73551,-33.30361,0
                              25.73553,-33.3036,0
                              25.73554,-33.30359,0
                              25.73556,-33.30358,0
                              25.73558,-33.30357,0
                              25.73559,-33.30356,0
                              25.73561,-33.30355,0
                              25.73563,-33.30355,0
                              25.73564,-33.30354,0
                              25.73565,-33.30353,0
                              25.73566,-33.30352,0
                              25.73568,-33.30352,0
                              25.73569,-33.30351,0
                              25.73569,-33.3035,0
                              25.7357,-33.3035,0
                              25.73571,-33.3035,0
                              25.73571,-33.30349,0
                              25.73572,-33.30349,0
                              25.73572,-33.30349,0
                              25.73572,-33.30349,0
                              25.73572,-33.30349,0
                              25.73572,-33.30349,0
                              25.73572,-33.30349,0
                              25.73571,-33.30349,0
                              25.73571,-33.3035,0
                              25.7357,-33.3035,0
                              25.73569,-33.3035,0
                              25.73569,-33.30351,0
                              25.73568,-33.30352,0
                              25.73566,-33.30352,0
                              25.73565,-33.30353,0
                              25.73564,-33.30354,0
                              25.73563,-33.30355,0
                              25.73561,-33.30355,0
                              25.73559,-33.30356,0
                              25.73558,-33.30357,0
                              25.73556,-33.30358,0
                              25.73554,-33.30359,0
                              25.73553,-33.3036,0
                              25.73551,-33.30361,0
                              25.73549,-33.30362,0
                              25.73547,-33.30364,0
                              25.73545,-33.30365,0
                              25.73544,-33.30366,0
                              25.73542,-33.30367,0
                              25.7354,-33.30368,0
                              25.73539,-33.30369,0
                              25.73537,-33.3037,0
                              25.73535,-33.3037,0
                              25.73534,-33.30371,0
                              25.73533,-33.30372,0
                              25.73532,-33.30373,0
                              25.7353,-33.30373,0
                              25.73529,-33.30374,0
                              25.73529,-33.30375,0
                              25.73528,-33.30375,0
                              25.73527,-33.30375,0
                              25.73527,-33.30376,0
                              25.73526,-33.30376,0
                              25.73526,-33.30376,0
                              25.73526,-33.30376,0
                          </coordinates>
                        </LinearRing>
                      </outerBoundaryIs>
                    </Polygon>
                </Placemark>
				<Placemark>
					<name>LoS</name>
					<styleUrl>#los_path_#ff0000</styleUrl>
					<LookAt>
						<longitude>25.73549</longitude>
						<latitude>-33.30363</latitude>
						<altitude>0</altitude>
						<altitudeMode>clampToGround</altitudeMode>
						<heading>-34.95347855109106</heading>
						<range>52.26913772945971</range>
						<tilt>68</tilt>
					</LookAt>
					<LineString>
						<altitudeMode>relativeToGround</altitudeMode>
						<coordinates>
							25.73526,-33.30376,10
                            25.73572,-33.30349,10
						</coordinates>
					</LineString>
				</Placemark>
				<Placemark>
					<name>Ground</name>
					<styleUrl>#ground_path</styleUrl>
					<LookAt>
						<longitude>25.73549</longitude>
						<latitude>-33.30363</latitude>
						<altitude>0</altitude>
						<altitudeMode>clampToGround</altitudeMode>
						<heading>-34.95347855109106</heading>
						<range>52.26913772945971</range>
						<tilt>68</tilt>
					</LookAt>
					<LineString>
						<altitudeMode>clampToGround</altitudeMode>
						<tessellate>1</tessellate>
						<coordinates>
							25.73526,-33.30376,0
								25.73538,-33.30369,0
								25.73561,-33.30356,0
							 25.73572,-33.30349,0
						</coordinates>
					</LineString>
				</Placemark>
				<Placemark id="end_140349983686096">
					<name>7</name>
					<styleUrl>#antenna</styleUrl>
					<Point>
						<altitudeMode>relativeToGround</altitudeMode>
						<extrude>1</extrude>
						<coordinates>
							25.73526,-33.30376,10
						</coordinates>
					</Point>
					<LookAt>
						<longitude>25.73526</longitude>
						<latitude>-33.30376</latitude>
						<altitude>10</altitude>
						<altitudeMode>clampToGround</altitudeMode>
						<heading>51.04652144890894</heading>
						<range>105.22691377294598</range>
						<tilt>68</tilt>
					</LookAt>
				</Placemark>
                <Placemark>
                    <name>Hp1</name>
                    <styleUrl>#msn_triangle</styleUrl>
                    <LookAt>
                        <longitude>25.73538</longitude>
                        <latitude>-33.30369</latitude>
                        <altitude>0</altitude>
                        <altitudeMode>clampToGround</altitudeMode>
                        <heading>325.04652144890895</heading>
                        <range>500</range>
                        <tilt>68</tilt>
                    </LookAt>
                    <Point>
                        <coordinates>
                            25.73538,-33.30369,553.3706001181235
                        </coordinates>
                    </Point>
                </Placemark><Placemark>
                    <name>Hp3</name>
                    <styleUrl>#msn_triangle</styleUrl>
                    <LookAt>
                        <longitude>25.73561</longitude>
                        <latitude>-33.30356</latitude>
                        <altitude>0</altitude>
                        <altitudeMode>clampToGround</altitudeMode>
                        <heading>325.04652144890895</heading>
                        <range>500</range>
                        <tilt>68</tilt>
                    </LookAt>
                    <Point>
                        <coordinates>
                            25.73561,-33.30356,549.5027121181471
                        </coordinates>
                    </Point>
                </Placemark>
				<Placemark id="end_140349975101520">
					<name>3</name>
					<styleUrl>#antenna</styleUrl>
					<Point>
						<altitudeMode>relativeToGround</altitudeMode>
						<extrude>1</extrude>
						<coordinates>
							25.73572,-33.30349,10
						</coordinates>
					</Point>
					<LookAt>
						<longitude>25.73572</longitude>
						<latitude>-33.30349</latitude>
						<altitude>10</altitude>
						<altitudeMode>clampToGround</altitudeMode>
						<heading>231.04626887408836</heading>
						<range>105.22691377294598</range>
						<tilt>68</tilt>
					</LookAt>
				</Placemark>
			</Folder><Folder>
				<name>7 : 000 to 4</name>
				<description></description>
				<LookAt>
					<longitude>25.73542</longitude>
					<latitude>-33.30347</latitude>
					<altitude>0</altitude>
					<altitudeMode>clampToGround</altitudeMode>
					<heading>-65.8289047096082</heading>
					<range>70.50947241394292</range>
					<tilt>68</tilt>
				</LookAt>
                <Placemark>
                    <name>Vertical Fresnel</name>
                    <styleUrl>#pvertical_fresnel</styleUrl>
                    <LookAt>
                        <longitude>25.73542</longitude>
                        <latitude>-33.30347</latitude>
                        <altitude>0</altitude>
                        <altitudeMode>clampToGround</altitudeMode>
                        <heading>-65.8289047096082</heading>
                        <range>70.50947241394292</range>
                        <tilt>68</tilt>
                    </LookAt>
                    <Polygon>
                        <extrude>0</extrude>
                        <altitudeMode>absolute</altitudeMode>
                        <outerBoundaryIs>
                            <LinearRing>
                            <coordinates>
                              25.73526,-33.30376,566.0719942124475
                              25.73526,-33.30376,566.0092100977756
                              25.73526,-33.30376,565.9111238182609
                              25.73526,-33.30375,565.7783401084337
                              25.73527,-33.30375,565.6116776240202
                              25.73527,-33.30374,565.4121638946579
                              25.73528,-33.30373,565.1810289888331
                              25.73528,-33.30372,564.9196979301004
                              25.73529,-33.3037,564.6297819113385
                              25.7353,-33.30369,564.3130683612097
                              25.73531,-33.30368,563.9715099240686
                              25.73531,-33.30366,563.6072124212599
                              25.73532,-33.30364,563.2224218680296
                              25.73533,-33.30362,562.8195106260943
                              25.73534,-33.3036,562.4009627772417
                              25.73536,-33.30358,561.9693588081418
                              25.73537,-33.30356,561.5273597007867
                              25.73538,-33.30354,561.077690526653
                              25.73539,-33.30352,560.6231236457293
                              25.7354,-33.30349,560.1664616139951
                              25.73542,-33.30347,559.7105199047321
                              25.73543,-33.30345,559.2581095501935
                              25.73544,-33.30342,558.8120198106569
                              25.73545,-33.3034,558.3750009777065
                              25.73546,-33.30338,557.9497474177708
                              25.73547,-33.30336,557.538880960458
                              25.73549,-33.30334,557.1449347341043
                              25.7355,-33.30332,556.7703375481958
                              25.73551,-33.3033,556.4173989189499
                              25.73552,-33.30328,556.0882948303795
                              25.73552,-33.30326,555.785054318629
                              25.73553,-33.30325,555.5095469622913
                              25.73554,-33.30324,555.2634713558336
                              25.73555,-33.30322,555.0483446371979
                              25.73555,-33.30321,554.8654931341418
                              25.73556,-33.3032,554.7160441869859
                              25.73556,-33.30319,554.6009191981859
                              25.73557,-33.30319,554.5208279515812
                              25.73557,-33.30318,554.4762642363398
                              25.73557,-33.30318,554.467502802585
                              25.73557,-33.30318,554.4945862130971
                              25.73557,-33.30318,554.4945977874797
                              25.73557,-33.30318,554.5573613995595
                              25.73557,-33.30318,554.6554387572598
                              25.73557,-33.30319,554.7882137266838
                              25.73556,-33.30319,554.9548677059927
                              25.73556,-33.3032,555.1543732179861
                              25.73555,-33.30321,555.3855002448402
                              25.73555,-33.30322,555.6468238115767
                              25.73554,-33.30324,555.9367327715081
                              25.73553,-33.30325,556.2534397394918
                              25.73552,-33.30326,556.5949921117543
                              25.73552,-33.30328,556.9592841043429
                              25.73551,-33.3033,557.3440697359842
                              25.7355,-33.30332,557.7469766753047
                              25.73549,-33.30334,558.1655208670434
                              25.73547,-33.30336,558.597121847078
                              25.73546,-33.30338,559.039118651845
                              25.73545,-33.3034,559.4887862240638
                              25.73544,-33.30342,559.9433522136223
                              25.73543,-33.30345,560.4000140700364
                              25.73542,-33.30347,560.8559563211056
                              25.7354,-33.30349,561.308367931236
                              25.73539,-33.30352,561.754459632409
                              25.73538,-33.30354,562.1914811209463
                              25.73537,-33.30356,562.6167380140466
                              25.73536,-33.30358,563.0276084615518
                              25.73534,-33.3036,563.4215593105247
                              25.73533,-33.30362,563.7961617229795
                              25.73532,-33.30364,564.1491061504753
                              25.73531,-33.30366,564.4782165732508
                              25.73531,-33.30368,564.7814639161093
                              25.7353,-33.30369,565.0569785583419
                              25.73529,-33.3037,565.3030618605616
                              25.73528,-33.30372,565.518196637379
                              25.73528,-33.30373,565.7010565113555
                              25.73527,-33.30374,565.8505140905611
                              25.73527,-33.30375,565.9656479193201
                              25.73526,-33.30375,566.0457481592923
                              25.73526,-33.30376,566.0903209658625
                              25.73526,-33.30376,566.0990915328559
                              25.73526,-33.30376,566.072005786811
                            </coordinates>
                            </LinearRing>
                        </outerBoundaryIs>
                    </Polygon>
                </Placemark>
                <Placemark>
                    <name>Ground Fresnel</name>
                    <styleUrl>#ground_fresnel</styleUrl>
                    <LookAt>
                        <longitude>25.73542</longitude>
                        <latitude>-33.30347</latitude>
                        <altitude>0</altitude>
                        <altitudeMode>clampToGround</altitudeMode>
                        <heading>-65.8289047096082</heading>
                        <range>70.50947241394292</range>
                        <tilt>68</tilt>
                    </LookAt>
                    <visibility>1</visibility>
                    <Polygon>
                      <extrude>0</extrude>
                      <tessellate>1</tessellate>
                      <altitudeMode>clampToGround </altitudeMode>
                      <outerBoundaryIs>
                        <LinearRing>
                          <coordinates>
                              25.73526,-33.30376,0
                              25.73526,-33.30376,0
                              25.73526,-33.30376,0
                              25.73526,-33.30375,0
                              25.73527,-33.30375,0
                              25.73527,-33.30374,0
                              25.73528,-33.30373,0
                              25.73528,-33.30372,0
                              25.73529,-33.3037,0
                              25.7353,-33.30369,0
                              25.73531,-33.30368,0
                              25.73531,-33.30366,0
                              25.73532,-33.30364,0
                              25.73533,-33.30362,0
                              25.73534,-33.3036,0
                              25.73535,-33.30358,0
                              25.73536,-33.30356,0
                              25.73537,-33.30354,0
                              25.73538,-33.30352,0
                              25.73539,-33.30349,0
                              25.73541,-33.30347,0
                              25.73542,-33.30345,0
                              25.73543,-33.30342,0
                              25.73544,-33.3034,0
                              25.73545,-33.30338,0
                              25.73546,-33.30336,0
                              25.73549,-33.30334,0
                              25.7355,-33.30332,0
                              25.73551,-33.3033,0
                              25.73552,-33.30328,0
                              25.73552,-33.30326,0
                              25.73553,-33.30325,0
                              25.73554,-33.30324,0
                              25.73555,-33.30322,0
                              25.73555,-33.30321,0
                              25.73556,-33.3032,0
                              25.73556,-33.30319,0
                              25.73557,-33.30319,0
                              25.73557,-33.30318,0
                              25.73557,-33.30318,0
                              25.73557,-33.30318,0
                              25.73557,-33.30318,0
                              25.73557,-33.30318,0
                              25.73557,-33.30318,0
                              25.73557,-33.30319,0
                              25.73556,-33.30319,0
                              25.73556,-33.3032,0
                              25.73555,-33.30321,0
                              25.73555,-33.30322,0
                              25.73554,-33.30324,0
                              25.73553,-33.30325,0
                              25.73552,-33.30326,0
                              25.73552,-33.30328,0
                              25.73551,-33.3033,0
                              25.7355,-33.30332,0
                              25.73549,-33.30334,0
                              25.73548,-33.30336,0
                              25.73547,-33.30338,0
                              25.73546,-33.3034,0
                              25.73545,-33.30342,0
                              25.73544,-33.30345,0
                              25.73543,-33.30347,0
                              25.73541,-33.30349,0
                              25.7354,-33.30352,0
                              25.73539,-33.30354,0
                              25.73538,-33.30356,0
                              25.73537,-33.30358,0
                              25.73534,-33.3036,0
                              25.73533,-33.30362,0
                              25.73532,-33.30364,0
                              25.73531,-33.30366,0
                              25.73531,-33.30368,0
                              25.7353,-33.30369,0
                              25.73529,-33.3037,0
                              25.73528,-33.30372,0
                              25.73528,-33.30373,0
                              25.73527,-33.30374,0
                              25.73527,-33.30375,0
                              25.73526,-33.30375,0
                              25.73526,-33.30376,0
                              25.73526,-33.30376,0
                              25.73526,-33.30376,0
                          </coordinates>
                        </LinearRing>
                      </outerBoundaryIs>
                    </Polygon>
                </Placemark>
				<Placemark>
					<name>LoS</name>
					<styleUrl>#los_path_#ff0000</styleUrl>
					<LookAt>
						<longitude>25.73542</longitude>
						<latitude>-33.30347</latitude>
						<altitude>0</altitude>
						<altitudeMode>clampToGround</altitudeMode>
						<heading>-65.8289047096082</heading>
						<range>70.50947241394292</range>
						<tilt>68</tilt>
					</LookAt>
					<LineString>
						<altitudeMode>relativeToGround</altitudeMode>
						<coordinates>
							25.73526,-33.30376,10
                            25.73557,-33.30318,10
						</coordinates>
					</LineString>
				</Placemark>
				<Placemark>
					<name>Ground</name>
					<styleUrl>#ground_path</styleUrl>
					<LookAt>
						<longitude>25.73542</longitude>
						<latitude>-33.30347</latitude>
						<altitude>0</altitude>
						<altitudeMode>clampToGround</altitudeMode>
						<heading>-65.8289047096082</heading>
						<range>70.50947241394292</range>
						<tilt>68</tilt>
					</LookAt>
					<LineString>
						<altitudeMode>clampToGround</altitudeMode>
						<tessellate>1</tessellate>
						<coordinates>
							25.73526,-33.30376,0
								25.73531,-33.30366,0
								25.73552,-33.30328,0
							 25.73557,-33.30318,0
						</coordinates>
					</LineString>
				</Placemark>
				<Placemark id="end_140349983686096">
					<name>7</name>
					<styleUrl>#antenna</styleUrl>
					<Point>
						<altitudeMode>relativeToGround</altitudeMode>
						<extrude>1</extrude>
						<coordinates>
							25.73526,-33.30376,10
						</coordinates>
					</Point>
					<LookAt>
						<longitude>25.73526</longitude>
						<latitude>-33.30376</latitude>
						<altitude>10</altitude>
						<altitudeMode>clampToGround</altitudeMode>
						<heading>20.171095290391797</heading>
						<range>107.0509472413943</range>
						<tilt>68</tilt>
					</LookAt>
				</Placemark>
                <Placemark>
                    <name>Hp1</name>
                    <styleUrl>#msn_triangle</styleUrl>
                    <LookAt>
                        <longitude>25.73531</longitude>
                        <latitude>-33.30366</latitude>
                        <altitude>0</altitude>
                        <altitudeMode>clampToGround</altitudeMode>
                        <heading>294.1710952903918</heading>
                        <range>500</range>
                        <tilt>68</tilt>
                    </LookAt>
                    <Point>
                        <coordinates>
                            25.73531,-33.30366,553.2726394317535
                        </coordinates>
                    </Point>
                </Placemark><Placemark>
                    <name>Hp3</name>
                    <styleUrl>#msn_triangle</styleUrl>
                    <LookAt>
                        <longitude>25.73552</longitude>
                        <latitude>-33.30328</latitude>
                        <altitude>0</altitude>
                        <altitudeMode>clampToGround</altitudeMode>
                        <heading>294.1710952903918</heading>
                        <range>500</range>
                        <tilt>68</tilt>
                    </LookAt>
                    <Point>
                        <coordinates>
                            25.73552,-33.30328,545.2903359415441
                        </coordinates>
                    </Point>
                </Placemark>
				<Placemark id="end_140349983820736">
					<name>4</name>
					<styleUrl>#antenna</styleUrl>
					<Point>
						<altitudeMode>relativeToGround</altitudeMode>
						<extrude>1</extrude>
						<coordinates>
							25.73557,-33.30318,10
						</coordinates>
					</Point>
					<LookAt>
						<longitude>25.73557</longitude>
						<latitude>-33.30318</latitude>
						<altitude>10</altitude>
						<altitudeMode>clampToGround</altitudeMode>
						<heading>200.17092507762663</heading>
						<range>107.0509472413943</range>
						<tilt>68</tilt>
					</LookAt>
				</Placemark>
			</Folder><Folder>
				<name>7 : 000 to 5</name>
				<description></description>
				<LookAt>
					<longitude>25.73556</longitude>
					<latitude>-33.30341</latitude>
					<altitude>0</altitude>
					<altitudeMode>clampToGround</altitudeMode>
					<heading>-54.63980989561209</heading>
					<range>96.55786647512252</range>
					<tilt>68</tilt>
				</LookAt>
                <Placemark>
                    <name>Vertical Fresnel</name>
                    <styleUrl>#pvertical_fresnel</styleUrl>
                    <LookAt>
                        <longitude>25.73556</longitude>
                        <latitude>-33.30341</latitude>
                        <altitude>0</altitude>
                        <altitudeMode>clampToGround</altitudeMode>
                        <heading>-54.63980989561209</heading>
                        <range>96.55786647512252</range>
                        <tilt>68</tilt>
                    </LookAt>
                    <Polygon>
                        <extrude>0</extrude>
                        <altitudeMode>absolute</altitudeMode>
                        <outerBoundaryIs>
                            <LinearRing>
                            <coordinates>
                              25.73526,-33.30376,566.0719932375168
                              25.73526,-33.30376,566.0009395467586
                              25.73526,-33.30376,565.8933941183035
                              25.73527,-33.30375,565.7500200054809
                              25.73527,-33.30374,565.5717011573729
                              25.73528,-33.30373,565.3595369689755
                              25.73529,-33.30372,565.1148355030615
                              25.7353,-33.30371,564.8391054255399
                              25.73532,-33.30369,564.5340467040281
                              25.73533,-33.30367,564.2015401269869
                              25.73535,-33.30366,563.8436357080328
                              25.73537,-33.30364,563.4625400469245
                              25.73538,-33.30361,563.0606027251397
                              25.7354,-33.30359,562.6403018199248
                              25.73542,-33.30357,562.2042286261249
                              25.73545,-33.30354,561.7550716799886
                              25.73547,-33.30351,561.295600183449
                              25.73549,-33.30349,560.8286469310716
                              25.73551,-33.30346,560.3570908449356
                              25.73554,-33.30343,559.8838392251197
                              25.73556,-33.3034,559.4118098252325
                              25.73558,-33.30338,558.9439128634901
                              25.73561,-33.30335,558.4830330802531
                              25.73563,-33.30332,558.0320119526432
                              25.73565,-33.3033,557.5936301758919
                              25.73567,-33.30327,557.1705905194295
                              25.7357,-33.30324,556.7655011634132
                              25.73572,-33.30322,556.3808596184286
                              25.73574,-33.3032,556.0190373275069
                              25.73575,-33.30317,555.6822650453897
                              25.73577,-33.30315,555.3726190851844
                              25.73579,-33.30314,555.0920085172035
                              25.7358,-33.30312,554.842163398911
                              25.73582,-33.3031,554.6246241085431
                              25.73583,-33.30309,554.4407318481641
                              25.73584,-33.30308,554.2916203747096
                              25.73585,-33.30307,554.178209009998
                              25.73585,-33.30306,554.101196972806
                              25.73586,-33.30305,554.0610590679518
                              25.73586,-33.30305,554.058042758966
                              25.73586,-33.30305,554.0921532382004
                              25.73586,-33.30305,554.0921667623891
                              25.73586,-33.30305,554.1631976909977
                              25.73586,-33.30305,554.2707339018356
                              25.73585,-33.30306,554.4140989942069
                              25.73585,-33.30307,554.5924090746437
                              25.73584,-33.30308,554.8045648022056
                              25.73583,-33.30309,555.0492581662835
                              25.73582,-33.3031,555.3249805509191
                              25.7358,-33.30312,555.6300320359239
                              25.73579,-33.30314,555.9625318774532
                              25.73577,-33.30315,556.3204301034164
                              25.73575,-33.30317,556.7015201522371
                              25.73574,-33.3032,557.1034524770392
                              25.73572,-33.30322,557.5237490313842
                              25.7357,-33.30324,557.9598185472518
                              25.73567,-33.30327,558.4089725110686
                              25.73565,-33.3033,558.8684417392891
                              25.73563,-33.30332,559.3353934513323
                              25.73561,-33.30335,559.8069487346161
                              25.73558,-33.30338,560.2802002940111
                              25.73556,-33.3034,560.7522303762814
                              25.73554,-33.30343,561.2201287590041
                              25.73551,-33.30346,561.6810106930575
                              25.73549,-33.30349,562.1320346880594
                              25.73547,-33.30351,562.5704200311001
                              25.73545,-33.30354,562.9934639307615
                              25.73542,-33.30357,563.3985581807262
                              25.7354,-33.30359,563.7832052402355
                              25.73538,-33.30361,564.1450336322591
                              25.73537,-33.30364,564.4818125644406
                              25.73535,-33.30366,564.7914656826723
                              25.73533,-33.30367,565.0720838725103
                              25.73532,-33.30369,565.3219370294993
                              25.7353,-33.30371,565.5394847258417
                              25.73529,-33.30372,565.7233857076479
                              25.73528,-33.30373,565.8725061642116
                              25.73527,-33.30374,565.9859267183303
                              25.73527,-33.30375,566.0629480945721
                              25.73526,-33.30376,566.1030954305398
                              25.73526,-33.30376,566.1061212045573
                              25.73526,-33.30376,566.0720067617217
                            </coordinates>
                            </LinearRing>
                        </outerBoundaryIs>
                    </Polygon>
                </Placemark>
                <Placemark>
                    <name>Ground Fresnel</name>
                    <styleUrl>#ground_fresnel</styleUrl>
                    <LookAt>
                        <longitude>25.73556</longitude>
                        <latitude>-33.30341</latitude>
                        <altitude>0</altitude>
                        <altitudeMode>clampToGround</altitudeMode>
                        <heading>-54.63980989561209</heading>
                        <range>96.55786647512252</range>
                        <tilt>68</tilt>
                    </LookAt>
                    <visibility>1</visibility>
                    <Polygon>
                      <extrude>0</extrude>
                      <tessellate>1</tessellate>
                      <altitudeMode>clampToGround </altitudeMode>
                      <outerBoundaryIs>
                        <LinearRing>
                          <coordinates>
                              25.73526,-33.30376,0
                              25.73526,-33.30376,0
                              25.73526,-33.30376,0
                              25.73527,-33.30375,0
                              25.73527,-33.30374,0
                              25.73528,-33.30373,0
                              25.73529,-33.30372,0
                              25.7353,-33.30371,0
                              25.73532,-33.30369,0
                              25.73533,-33.30367,0
                              25.73535,-33.30366,0
                              25.73537,-33.30364,0
                              25.73538,-33.30361,0
                              25.73539,-33.30359,0
                              25.73541,-33.30357,0
                              25.73544,-33.30354,0
                              25.73546,-33.30351,0
                              25.73548,-33.30349,0
                              25.7355,-33.30346,0
                              25.73553,-33.30343,0
                              25.73555,-33.3034,0
                              25.73557,-33.30338,0
                              25.7356,-33.30335,0
                              25.73562,-33.30332,0
                              25.73564,-33.3033,0
                              25.73566,-33.30327,0
                              25.73569,-33.30324,0
                              25.73571,-33.30322,0
                              25.73574,-33.3032,0
                              25.73575,-33.30317,0
                              25.73577,-33.30315,0
                              25.73579,-33.30314,0
                              25.7358,-33.30312,0
                              25.73582,-33.3031,0
                              25.73583,-33.30309,0
                              25.73584,-33.30308,0
                              25.73585,-33.30307,0
                              25.73585,-33.30306,0
                              25.73586,-33.30305,0
                              25.73586,-33.30305,0
                              25.73586,-33.30305,0
                              25.73586,-33.30305,0
                              25.73586,-33.30305,0
                              25.73586,-33.30305,0
                              25.73585,-33.30306,0
                              25.73585,-33.30307,0
                              25.73584,-33.30308,0
                              25.73583,-33.30309,0
                              25.73582,-33.3031,0
                              25.7358,-33.30312,0
                              25.73579,-33.30314,0
                              25.73577,-33.30315,0
                              25.73575,-33.30317,0
                              25.73574,-33.3032,0
                              25.73573,-33.30322,0
                              25.73571,-33.30324,0
                              25.73568,-33.30327,0
                              25.73566,-33.3033,0
                              25.73564,-33.30332,0
                              25.73562,-33.30335,0
                              25.73559,-33.30338,0
                              25.73557,-33.3034,0
                              25.73555,-33.30343,0
                              25.73552,-33.30346,0
                              25.7355,-33.30349,0
                              25.73548,-33.30351,0
                              25.73546,-33.30354,0
                              25.73543,-33.30357,0
                              25.73541,-33.30359,0
                              25.73538,-33.30361,0
                              25.73537,-33.30364,0
                              25.73535,-33.30366,0
                              25.73533,-33.30367,0
                              25.73532,-33.30369,0
                              25.7353,-33.30371,0
                              25.73529,-33.30372,0
                              25.73528,-33.30373,0
                              25.73527,-33.30374,0
                              25.73527,-33.30375,0
                              25.73526,-33.30376,0
                              25.73526,-33.30376,0
                              25.73526,-33.30376,0
                          </coordinates>
                        </LinearRing>
                      </outerBoundaryIs>
                    </Polygon>
                </Placemark>
				<Placemark>
					<name>LoS</name>
					<styleUrl>#los_path_#ff0000</styleUrl>
					<LookAt>
						<longitude>25.73556</longitude>
						<latitude>-33.30341</latitude>
						<altitude>0</altitude>
						<altitudeMode>clampToGround</altitudeMode>
						<heading>-54.63980989561209</heading>
						<range>96.55786647512252</range>
						<tilt>68</tilt>
					</LookAt>
					<LineString>
						<altitudeMode>relativeToGround</altitudeMode>
						<coordinates>
							25.73526,-33.30376,10
                            25.73586,-33.30305,10
						</coordinates>
					</LineString>
				</Placemark>
				<Placemark>
					<name>Ground</name>
					<styleUrl>#ground_path</styleUrl>
					<LookAt>
						<longitude>25.73556</longitude>
						<latitude>-33.30341</latitude>
						<altitude>0</altitude>
						<altitudeMode>clampToGround</altitudeMode>
						<heading>-54.63980989561209</heading>
						<range>96.55786647512252</range>
						<tilt>68</tilt>
					</LookAt>
					<LineString>
						<altitudeMode>clampToGround</altitudeMode>
						<tessellate>1</tessellate>
						<coordinates>
							25.73526,-33.30376,0
								25.73534,-33.30367,0
								25.73579,-33.30314,0
							 25.73586,-33.30305,0
						</coordinates>
					</LineString>
				</Placemark>
				<Placemark id="end_140349983686096">
					<name>7</name>
					<styleUrl>#antenna</styleUrl>
					<Point>
						<altitudeMode>relativeToGround</altitudeMode>
						<extrude>1</extrude>
						<coordinates>
							25.73526,-33.30376,10
						</coordinates>
					</Point>
					<LookAt>
						<longitude>25.73526</longitude>
						<latitude>-33.30376</latitude>
						<altitude>10</altitude>
						<altitudeMode>clampToGround</altitudeMode>
						<heading>31.36019010438791</heading>
						<range>109.65578664751226</range>
						<tilt>68</tilt>
					</LookAt>
				</Placemark>
                <Placemark>
                    <name>Hp2</name>
                    <styleUrl>#msn_triangle</styleUrl>
                    <LookAt>
                        <longitude>25.73534</longitude>
                        <latitude>-33.30367</latitude>
                        <altitude>0</altitude>
                        <altitudeMode>clampToGround</altitudeMode>
                        <heading>305.3601901043879</heading>
                        <range>500</range>
                        <tilt>68</tilt>
                    </LookAt>
                    <Point>
                        <coordinates>
                            25.73534,-33.30367,553.2755136635005
                        </coordinates>
                    </Point>
                </Placemark><Placemark>
                    <name>Hp1</name>
                    <styleUrl>#msn_triangle</styleUrl>
                    <LookAt>
                        <longitude>25.73579</longitude>
                        <latitude>-33.30314</latitude>
                        <altitude>0</altitude>
                        <altitudeMode>clampToGround</altitudeMode>
                        <heading>305.3601901043879</heading>
                        <range>500</range>
                        <tilt>68</tilt>
                    </LookAt>
                    <Point>
                        <coordinates>
                            25.73579,-33.30314,544.6997470927588
                        </coordinates>
                    </Point>
                </Placemark>
				<Placemark id="end_140349974575200">
					<name>5</name>
					<styleUrl>#antenna</styleUrl>
					<Point>
						<altitudeMode>relativeToGround</altitudeMode>
						<extrude>1</extrude>
						<coordinates>
							25.73586,-33.30305,10
						</coordinates>
					</Point>
					<LookAt>
						<longitude>25.73586</longitude>
						<latitude>-33.30305</latitude>
						<altitude>10</altitude>
						<altitudeMode>clampToGround</altitudeMode>
						<heading>211.3598606608952</heading>
						<range>109.65578664751226</range>
						<tilt>68</tilt>
					</LookAt>
				</Placemark>
			</Folder><Folder>
				<name>7 : 000 to 9</name>
				<description></description>
				<LookAt>
					<longitude>25.735</longitude>
					<latitude>-33.30361</latitude>
					<altitude>0</altitude>
					<altitudeMode>clampToGround</altitudeMode>
					<heading>215.8996986106721</heading>
					<range>58.635427798275536</range>
					<tilt>68</tilt>
				</LookAt>
                <Placemark>
                    <name>Vertical Fresnel</name>
                    <styleUrl>#pvertical_fresnel</styleUrl>
                    <LookAt>
                        <longitude>25.735</longitude>
                        <latitude>-33.30361</latitude>
                        <altitude>0</altitude>
                        <altitudeMode>clampToGround</altitudeMode>
                        <heading>215.8996986106721</heading>
                        <range>58.635427798275536</range>
                        <tilt>68</tilt>
                    </LookAt>
                    <Polygon>
                        <extrude>0</extrude>
                        <altitudeMode>absolute</altitudeMode>
                        <outerBoundaryIs>
                            <LinearRing>
                            <coordinates>
                              25.73526,-33.30376,566.0719947172076
                              25.73526,-33.30376,566.0319612314984
                              25.73526,-33.30376,565.9940611894963
                              25.73525,-33.30376,565.9585282575633
                              25.73525,-33.30375,565.9255815080406
                              25.73524,-33.30375,565.8954240685952
                              25.73523,-33.30374,565.8682418698695
                              25.73522,-33.30374,565.8442024991575
                              25.73521,-33.30373,565.8234541671737
                              25.7352,-33.30372,565.8061247942844
                              25.73519,-33.30371,565.7923212218359
                              25.73517,-33.30371,565.7821285534425
                              25.73515,-33.3037,565.7756096302942
                              25.73514,-33.30369,565.7728046437201
                              25.73512,-33.30368,565.7737308873952
                              25.7351,-33.30366,565.7783826507192
                              25.73508,-33.30365,565.7867312540242
                              25.73506,-33.30364,565.7987252253948
                              25.73504,-33.30363,565.8142906180091
                              25.73503,-33.30362,565.8333314660455
                              25.735,-33.3036,565.8557303763442
                              25.73498,-33.30359,565.8813492521749
                              25.73497,-33.30358,565.9100301446488
                              25.73495,-33.30357,565.9415962265265
                              25.73493,-33.30356,565.9758528824165
                              25.73491,-33.30355,566.0125889086436
                              25.73489,-33.30353,566.0515778153903
                              25.73487,-33.30352,566.0925792230812
                              25.73486,-33.30351,566.1353403444036
                              25.73484,-33.3035,566.1795975428253
                              25.73482,-33.3035,566.2250779580006
                              25.73481,-33.30349,566.2715011880464
                              25.7348,-33.30348,566.3185810183122
                              25.73479,-33.30347,566.3660271859887
                              25.73478,-33.30347,566.4135471696748
                              25.73477,-33.30346,566.4608479928688
                              25.73476,-33.30346,566.507638030267
                              25.73476,-33.30345,566.5536288057293
                              25.73475,-33.30345,566.5985367708316
                              25.73475,-33.30345,566.6420850530357
                              25.73475,-33.30345,566.6839947172488
                              25.73475,-33.30345,566.6840052826993
                              25.73475,-33.30345,566.7240288353267
                              25.73475,-33.30345,566.7619294509392
                              25.73476,-33.30345,566.7974630141867
                              25.73476,-33.30346,566.8304104488358
                              25.73477,-33.30346,566.8605686229957
                              25.73478,-33.30347,566.8877516014943
                              25.73479,-33.30347,566.9117917922295
                              25.7348,-33.30348,566.9325409794315
                              25.73481,-33.30349,566.9498712374614
                              25.73482,-33.3035,566.9636757195155
                              25.73484,-33.3035,566.9738693163714
                              25.73486,-33.30351,566.980389181115
                              25.73487,-33.30352,566.9831951166118
                              25.73489,-33.30353,566.9822698233367
                              25.73491,-33.30355,566.9776190060301
                              25.73493,-33.30356,566.9692713385274
                              25.73495,-33.30357,566.9572782869747
                              25.73497,-33.30358,566.9417137925229
                              25.73498,-33.30359,566.9226738154559
                              25.735,-33.3036,566.9002757435638
                              25.73503,-33.30362,566.8746576684081
                              25.73504,-33.30363,566.8459775339408
                              25.73506,-33.30364,566.814412162728
                              25.73508,-33.30365,566.7801561657799
                              25.7351,-33.30366,566.743420742709
                              25.73512,-33.30368,566.704432379614
                              25.73514,-33.30369,566.6634314527187
                              25.73515,-33.3037,566.6206707463714
                              25.73517,-33.30371,566.5764138945461
                              25.73519,-33.30371,566.5309337554513
                              25.7352,-33.30372,566.4845107292681
                              25.73521,-33.30373,566.4374310293903
                              25.73522,-33.30374,566.3899849178229
                              25.73523,-33.30374,566.3424649156216
                              25.73524,-33.30375,566.2951639994016
                              25.73525,-33.30375,566.2483737950407
                              25.73525,-33.30376,566.2023827797082
                              25.73526,-33.30376,566.157474503307
                              25.73526,-33.30376,566.1139258402948
                              25.73526,-33.30376,566.0720052826605
                            </coordinates>
                            </LinearRing>
                        </outerBoundaryIs>
                    </Polygon>
                </Placemark>
                <Placemark>
                    <name>Ground Fresnel</name>
                    <styleUrl>#ground_fresnel</styleUrl>
                    <LookAt>
                        <longitude>25.735</longitude>
                        <latitude>-33.30361</latitude>
                        <altitude>0</altitude>
                        <altitudeMode>clampToGround</altitudeMode>
                        <heading>215.8996986106721</heading>
                        <range>58.635427798275536</range>
                        <tilt>68</tilt>
                    </LookAt>
                    <visibility>1</visibility>
                    <Polygon>
                      <extrude>0</extrude>
                      <tessellate>1</tessellate>
                      <altitudeMode>clampToGround </altitudeMode>
                      <outerBoundaryIs>
                        <LinearRing>
                          <coordinates>
                              25.73526,-33.30376,0
                              25.73526,-33.30376,0
                              25.73526,-33.30376,0
                              25.73525,-33.30376,0
                              25.73525,-33.30375,0
                              25.73524,-33.30375,0
                              25.73523,-33.30374,0
                              25.73522,-33.30374,0
                              25.73521,-33.30373,0
                              25.7352,-33.30372,0
                              25.73519,-33.30371,0
                              25.73517,-33.30371,0
                              25.73515,-33.3037,0
                              25.73514,-33.30369,0
                              25.73512,-33.30368,0
                              25.7351,-33.30366,0
                              25.73508,-33.30365,0
                              25.73506,-33.30364,0
                              25.73504,-33.30363,0
                              25.73503,-33.30362,0
                              25.735,-33.3036,0
                              25.73498,-33.30359,0
                              25.73497,-33.30358,0
                              25.73495,-33.30357,0
                              25.73493,-33.30356,0
                              25.73491,-33.30355,0
                              25.73489,-33.30353,0
                              25.73487,-33.30352,0
                              25.73486,-33.30351,0
                              25.73484,-33.3035,0
                              25.73482,-33.3035,0
                              25.73481,-33.30349,0
                              25.7348,-33.30348,0
                              25.73479,-33.30347,0
                              25.73478,-33.30347,0
                              25.73477,-33.30346,0
                              25.73476,-33.30346,0
                              25.73476,-33.30345,0
                              25.73475,-33.30345,0
                              25.73475,-33.30345,0
                              25.73475,-33.30345,0
                              25.73475,-33.30345,0
                              25.73475,-33.30345,0
                              25.73475,-33.30345,0
                              25.73476,-33.30345,0
                              25.73476,-33.30346,0
                              25.73477,-33.30346,0
                              25.73478,-33.30347,0
                              25.73479,-33.30347,0
                              25.7348,-33.30348,0
                              25.73481,-33.30349,0
                              25.73482,-33.3035,0
                              25.73484,-33.3035,0
                              25.73486,-33.30351,0
                              25.73487,-33.30352,0
                              25.73489,-33.30353,0
                              25.73491,-33.30355,0
                              25.73493,-33.30356,0
                              25.73495,-33.30357,0
                              25.73497,-33.30358,0
                              25.73498,-33.30359,0
                              25.735,-33.3036,0
                              25.73503,-33.30362,0
                              25.73504,-33.30363,0
                              25.73506,-33.30364,0
                              25.73508,-33.30365,0
                              25.7351,-33.30366,0
                              25.73512,-33.30368,0
                              25.73514,-33.30369,0
                              25.73515,-33.3037,0
                              25.73517,-33.30371,0
                              25.73519,-33.30371,0
                              25.7352,-33.30372,0
                              25.73521,-33.30373,0
                              25.73522,-33.30374,0
                              25.73523,-33.30374,0
                              25.73524,-33.30375,0
                              25.73525,-33.30375,0
                              25.73525,-33.30376,0
                              25.73526,-33.30376,0
                              25.73526,-33.30376,0
                              25.73526,-33.30376,0
                          </coordinates>
                        </LinearRing>
                      </outerBoundaryIs>
                    </Polygon>
                </Placemark>
				<Placemark>
					<name>LoS</name>
					<styleUrl>#los_path_#ff0000</styleUrl>
					<LookAt>
						<longitude>25.735</longitude>
						<latitude>-33.30361</latitude>
						<altitude>0</altitude>
						<altitudeMode>clampToGround</altitudeMode>
						<heading>215.8996986106721</heading>
						<range>58.635427798275536</range>
						<tilt>68</tilt>
					</LookAt>
					<LineString>
						<altitudeMode>relativeToGround</altitudeMode>
						<coordinates>
							25.73526,-33.30376,10
                            25.73475,-33.30345,10
						</coordinates>
					</LineString>
				</Placemark>
				<Placemark>
					<name>Ground</name>
					<styleUrl>#ground_path</styleUrl>
					<LookAt>
						<longitude>25.735</longitude>
						<latitude>-33.30361</latitude>
						<altitude>0</altitude>
						<altitudeMode>clampToGround</altitudeMode>
						<heading>215.8996986106721</heading>
						<range>58.635427798275536</range>
						<tilt>68</tilt>
					</LookAt>
					<LineString>
						<altitudeMode>clampToGround</altitudeMode>
						<tessellate>1</tessellate>
						<coordinates>
							25.73526,-33.30376,0
								25.73513,-33.30368,0
								25.73488,-33.30353,0
							 25.73475,-33.30345,0
						</coordinates>
					</LineString>
				</Placemark>
				<Placemark id="end_140349983686096">
					<name>7</name>
					<styleUrl>#antenna</styleUrl>
					<Point>
						<altitudeMode>relativeToGround</altitudeMode>
						<extrude>1</extrude>
						<coordinates>
							25.73526,-33.30376,10
						</coordinates>
					</Point>
					<LookAt>
						<longitude>25.73526</longitude>
						<latitude>-33.30376</latitude>
						<altitude>10</altitude>
						<altitudeMode>clampToGround</altitudeMode>
						<heading>301.8996986106721</heading>
						<range>105.86354277982755</range>
						<tilt>68</tilt>
					</LookAt>
				</Placemark>
                <Placemark>
                    <name>Hp1</name>
                    <styleUrl>#msn_triangle</styleUrl>
                    <LookAt>
                        <longitude>25.73513</longitude>
                        <latitude>-33.30368</latitude>
                        <altitude>0</altitude>
                        <altitudeMode>clampToGround</altitudeMode>
                        <heading>215.8996986106721</heading>
                        <range>500</range>
                        <tilt>68</tilt>
                    </LookAt>
                    <Point>
                        <coordinates>
                            25.73513,-33.30368,556.4142053542107
                        </coordinates>
                    </Point>
                </Placemark><Placemark>
                    <name>Hp3</name>
                    <styleUrl>#msn_triangle</styleUrl>
                    <LookAt>
                        <longitude>25.73488</longitude>
                        <latitude>-33.30353</latitude>
                        <altitude>0</altitude>
                        <altitudeMode>clampToGround</altitudeMode>
                        <heading>215.8996986106721</heading>
                        <range>500</range>
                        <tilt>68</tilt>
                    </LookAt>
                    <Point>
                        <coordinates>
                            25.73488,-33.30353,556.720205354246
                        </coordinates>
                    </Point>
                </Placemark>
				<Placemark id="end_140349973835136">
					<name>9</name>
					<styleUrl>#antenna</styleUrl>
					<Point>
						<altitudeMode>relativeToGround</altitudeMode>
						<extrude>1</extrude>
						<coordinates>
							25.73475,-33.30345,10
						</coordinates>
					</Point>
					<LookAt>
						<longitude>25.73475</longitude>
						<latitude>-33.30345</latitude>
						<altitude>10</altitude>
						<altitudeMode>clampToGround</altitudeMode>
						<heading>121.89997863912872</heading>
						<range>105.86354277982755</range>
						<tilt>68</tilt>
					</LookAt>
				</Placemark>
			</Folder><Folder>
				<name>7 : 000 to 10</name>
				<description></description>
				<LookAt>
					<longitude>25.73488</longitude>
					<latitude>-33.30356</latitude>
					<altitude>0</altitude>
					<altitudeMode>clampToGround</altitudeMode>
					<heading>212.07863815026832</heading>
					<range>83.53442893485645</range>
					<tilt>68</tilt>
				</LookAt>
                <Placemark>
                    <name>Vertical Fresnel</name>
                    <styleUrl>#pvertical_fresnel</styleUrl>
                    <LookAt>
                        <longitude>25.73488</longitude>
                        <latitude>-33.30356</latitude>
                        <altitude>0</altitude>
                        <altitudeMode>clampToGround</altitudeMode>
                        <heading>212.07863815026832</heading>
                        <range>83.53442893485645</range>
                        <tilt>68</tilt>
                    </LookAt>
                    <Polygon>
                        <extrude>0</extrude>
                        <altitudeMode>absolute</altitudeMode>
                        <outerBoundaryIs>
                            <LinearRing>
                            <coordinates>
                              25.73526,-33.30376,566.0719937062414
                              25.73526,-33.30376,566.0281016119676
                              25.73526,-33.30376,565.9945123945823
                              25.73525,-33.30375,565.97143314278
                              25.73524,-33.30375,565.9590061478231
                              25.73523,-33.30374,565.9573080262678
                              25.73522,-33.30374,565.966349247598
                              25.7352,-33.30373,565.986074069678
                              25.73519,-33.30372,566.0163608824201
                              25.73517,-33.30371,566.0570229575527
                              25.73515,-33.3037,566.1078095998612
                              25.73513,-33.30369,566.168407692807
                              25.7351,-33.30368,566.2384436289966
                              25.73508,-33.30366,566.3174856135939
                              25.73505,-33.30365,566.4050463264797
                              25.73503,-33.30364,566.5005859267422
                              25.735,-33.30362,566.6035153809759
                              25.73497,-33.30361,566.7132000948675
                              25.73494,-33.30359,566.8289638256824
                              25.73491,-33.30358,566.9500928515245
                              25.73488,-33.30356,567.0758403716699
                              25.73485,-33.30354,567.2054311108419
                              25.73482,-33.30353,567.3380660990401
                              25.73479,-33.30351,567.4729275974566
                              25.73476,-33.3035,567.6091841401079
                              25.73473,-33.30348,567.7459956600983
                              25.73471,-33.30347,567.8825186689128
                              25.73468,-33.30346,568.0179114568035
                              25.73466,-33.30344,568.1513392822105
                              25.73463,-33.30343,568.2819795182207
                              25.73461,-33.30342,568.409026724337
                              25.73459,-33.30341,568.531697612286
                              25.73457,-33.3034,568.6492358752516
                              25.73456,-33.30339,568.760916850757
                              25.73454,-33.30338,568.8660519884505
                              25.73453,-33.30338,568.9639930952472
                              25.73452,-33.30337,569.0541363316551
                              25.73451,-33.30337,569.135925934646
                              25.7345,-33.30336,569.2088576441197
                              25.7345,-33.30336,569.272481811835
                              25.7345,-33.30336,569.3263937061307
                              25.7345,-33.30336,569.3264062936338
                              25.7345,-33.30336,569.3702885122038
                              25.7345,-33.30336,569.4038803822823
                              25.73451,-33.30337,569.4269623313099
                              25.73452,-33.30337,569.4393920513952
                              25.73453,-33.30338,569.4410929091806
                              25.73454,-33.30338,569.4320544183123
                              25.73456,-33.30339,569.4123323040922
                              25.73457,-33.3034,569.3820481599125
                              25.73459,-33.30341,569.3413886975927
                              25.73461,-33.30342,569.2906045962387
                              25.73463,-33.30343,569.2300089567226
                              25.73466,-33.30344,569.1599753713124
                              25.73468,-33.30346,569.0809356203505
                              25.73471,-33.30347,568.9933770101848
                              25.73473,-33.30348,568.8978393687635
                              25.73476,-33.3035,568.7949117174152
                              25.73479,-33.30351,568.6852286393375
                              25.73482,-33.30353,568.56946636718
                              25.73485,-33.30354,568.4483386138455
                              25.73488,-33.30356,568.3225921722125
                              25.73491,-33.30358,568.1930023109082
                              25.73494,-33.30359,568.0603679945209
                              25.73497,-33.30361,567.9255069577164
                              25.735,-33.30362,567.7892506636323
                              25.73503,-33.30364,567.6524391776317
                              25.73505,-33.30365,567.5159159880201
                              25.73508,-33.30366,567.38052280566
                              25.7351,-33.30368,567.2470943745435
                              25.73513,-33.30369,567.1164533253179
                              25.73515,-33.3037,566.9894051034942
                              25.73517,-33.30371,566.8667330036077
                              25.73519,-33.30372,566.7491933399468
                              25.7352,-33.30373,566.6375107836242
                              25.73522,-33.30374,566.5323738947376
                              25.73523,-33.30374,566.4344308771683
                              25.73524,-33.30375,566.3442855821894
                              25.73525,-33.30375,566.2624937855206
                              25.73526,-33.30376,566.1895597607869
                              25.73526,-33.30376,566.1259331705038
                              25.73526,-33.30376,566.0720062937588
                            </coordinates>
                            </LinearRing>
                        </outerBoundaryIs>
                    </Polygon>
                </Placemark>
                <Placemark>
                    <name>Ground Fresnel</name>
                    <styleUrl>#ground_fresnel</styleUrl>
                    <LookAt>
                        <longitude>25.73488</longitude>
                        <latitude>-33.30356</latitude>
                        <altitude>0</altitude>
                        <altitudeMode>clampToGround</altitudeMode>
                        <heading>212.07863815026832</heading>
                        <range>83.53442893485645</range>
                        <tilt>68</tilt>
                    </LookAt>
                    <visibility>1</visibility>
                    <Polygon>
                      <extrude>0</extrude>
                      <tessellate>1</tessellate>
                      <altitudeMode>clampToGround </altitudeMode>
                      <outerBoundaryIs>
                        <LinearRing>
                          <coordinates>
                              25.73526,-33.30376,0
                              25.73526,-33.30376,0
                              25.73526,-33.30376,0
                              25.73525,-33.30375,0
                              25.73524,-33.30375,0
                              25.73523,-33.30374,0
                              25.73522,-33.30374,0
                              25.7352,-33.30373,0
                              25.73519,-33.30372,0
                              25.73517,-33.30371,0
                              25.73515,-33.3037,0
                              25.73513,-33.30369,0
                              25.7351,-33.30368,0
                              25.73508,-33.30366,0
                              25.73505,-33.30365,0
                              25.73503,-33.30364,0
                              25.735,-33.30362,0
                              25.73497,-33.30361,0
                              25.73494,-33.30359,0
                              25.73491,-33.30358,0
                              25.73488,-33.30356,0
                              25.73485,-33.30354,0
                              25.73482,-33.30353,0
                              25.73479,-33.30351,0
                              25.73476,-33.3035,0
                              25.73473,-33.30348,0
                              25.73471,-33.30347,0
                              25.73468,-33.30346,0
                              25.73466,-33.30344,0
                              25.73463,-33.30343,0
                              25.73461,-33.30342,0
                              25.73459,-33.30341,0
                              25.73457,-33.3034,0
                              25.73456,-33.30339,0
                              25.73454,-33.30338,0
                              25.73453,-33.30338,0
                              25.73452,-33.30337,0
                              25.73451,-33.30337,0
                              25.7345,-33.30336,0
                              25.7345,-33.30336,0
                              25.7345,-33.30336,0
                              25.7345,-33.30336,0
                              25.7345,-33.30336,0
                              25.7345,-33.30336,0
                              25.73451,-33.30337,0
                              25.73452,-33.30337,0
                              25.73453,-33.30338,0
                              25.73454,-33.30338,0
                              25.73456,-33.30339,0
                              25.73457,-33.3034,0
                              25.73459,-33.30341,0
                              25.73461,-33.30342,0
                              25.73463,-33.30343,0
                              25.73466,-33.30344,0
                              25.73468,-33.30346,0
                              25.73471,-33.30347,0
                              25.73473,-33.30348,0
                              25.73476,-33.3035,0
                              25.73479,-33.30351,0
                              25.73482,-33.30353,0
                              25.73485,-33.30354,0
                              25.73488,-33.30356,0
                              25.73491,-33.30358,0
                              25.73494,-33.30359,0
                              25.73497,-33.30361,0
                              25.735,-33.30362,0
                              25.73503,-33.30364,0
                              25.73505,-33.30365,0
                              25.73508,-33.30366,0
                              25.7351,-33.30368,0
                              25.73513,-33.30369,0
                              25.73515,-33.3037,0
                              25.73517,-33.30371,0
                              25.73519,-33.30372,0
                              25.7352,-33.30373,0
                              25.73522,-33.30374,0
                              25.73523,-33.30374,0
                              25.73524,-33.30375,0
                              25.73525,-33.30375,0
                              25.73526,-33.30376,0
                              25.73526,-33.30376,0
                              25.73526,-33.30376,0
                          </coordinates>
                        </LinearRing>
                      </outerBoundaryIs>
                    </Polygon>
                </Placemark>
				<Placemark>
					<name>LoS</name>
					<styleUrl>#los_path_#ff0000</styleUrl>
					<LookAt>
						<longitude>25.73488</longitude>
						<latitude>-33.30356</latitude>
						<altitude>0</altitude>
						<altitudeMode>clampToGround</altitudeMode>
						<heading>212.07863815026832</heading>
						<range>83.53442893485645</range>
						<tilt>68</tilt>
					</LookAt>
					<LineString>
						<altitudeMode>relativeToGround</altitudeMode>
						<coordinates>
							25.73526,-33.30376,10
                            25.7345,-33.30336,10
						</coordinates>
					</LineString>
				</Placemark>
				<Placemark>
					<name>Ground</name>
					<styleUrl>#ground_path</styleUrl>
					<LookAt>
						<longitude>25.73488</longitude>
						<latitude>-33.30356</latitude>
						<altitude>0</altitude>
						<altitudeMode>clampToGround</altitudeMode>
						<heading>212.07863815026832</heading>
						<range>83.53442893485645</range>
						<tilt>68</tilt>
					</LookAt>
					<LineString>
						<altitudeMode>clampToGround</altitudeMode>
						<tessellate>1</tessellate>
						<coordinates>
							25.73526,-33.30376,0
								25.73513,-33.30369,0
								25.73463,-33.30343,0
							 25.7345,-33.30336,0
						</coordinates>
					</LineString>
				</Placemark>
				<Placemark id="end_140349983686096">
					<name>7</name>
					<styleUrl>#antenna</styleUrl>
					<Point>
						<altitudeMode>relativeToGround</altitudeMode>
						<extrude>1</extrude>
						<coordinates>
							25.73526,-33.30376,10
						</coordinates>
					</Point>
					<LookAt>
						<longitude>25.73526</longitude>
						<latitude>-33.30376</latitude>
						<altitude>10</altitude>
						<altitudeMode>clampToGround</altitudeMode>
						<heading>298.0786381502683</heading>
						<range>108.35344289348565</range>
						<tilt>68</tilt>
					</LookAt>
				</Placemark>
                <Placemark>
                    <name>Hp1</name>
                    <styleUrl>#msn_triangle</styleUrl>
                    <LookAt>
                        <longitude>25.73513</longitude>
                        <latitude>-33.30369</latitude>
                        <altitude>0</altitude>
                        <altitudeMode>clampToGround</altitudeMode>
                        <heading>212.07863815026826</heading>
                        <range>500</range>
                        <tilt>68</tilt>
                    </LookAt>
                    <Point>
                        <coordinates>
                            25.73513,-33.30369,556.6720134820234
                        </coordinates>
                    </Point>
                </Placemark><Placemark>
                    <name>Hp3</name>
                    <styleUrl>#msn_triangle</styleUrl>
                    <LookAt>
                        <longitude>25.73463</longitude>
                        <latitude>-33.30343</latitude>
                        <altitude>0</altitude>
                        <altitudeMode>clampToGround</altitudeMode>
                        <heading>212.07863815026826</heading>
                        <range>500</range>
                        <tilt>68</tilt>
                    </LookAt>
                    <Point>
                        <coordinates>
                            25.73463,-33.30343,558.3877222231796
                        </coordinates>
                    </Point>
                </Placemark>
				<Placemark id="end_140349982055584">
					<name>10</name>
					<styleUrl>#antenna</styleUrl>
					<Point>
						<altitudeMode>relativeToGround</altitudeMode>
						<extrude>1</extrude>
						<coordinates>
							25.7345,-33.30336,10
						</coordinates>
					</Point>
					<LookAt>
						<longitude>25.7345</longitude>
						<latitude>-33.30336</latitude>
						<altitude>10</altitude>
						<altitudeMode>clampToGround</altitudeMode>
						<heading>118.07905544707737</heading>
						<range>108.35344289348565</range>
						<tilt>68</tilt>
					</LookAt>
				</Placemark>
			</Folder><Folder>
				<name>7 : 000 to School</name>
				<description></description>
				<LookAt>
					<longitude>25.73477</longitude>
					<latitude>-33.30317</latitude>
					<altitude>0</altitude>
					<altitudeMode>clampToGround</altitudeMode>
					<heading>235.1082911828339</heading>
					<range>159.55581604513026</range>
					<tilt>68</tilt>
				</LookAt>
                <Placemark>
                    <name>Vertical Fresnel</name>
                    <styleUrl>#pvertical_fresnel</styleUrl>
                    <LookAt>
                        <longitude>25.73477</longitude>
                        <latitude>-33.30317</latitude>
                        <altitude>0</altitude>
                        <altitudeMode>clampToGround</altitudeMode>
                        <heading>235.1082911828339</heading>
                        <range>159.55581604513026</range>
                        <tilt>68</tilt>
                    </LookAt>
                    <Polygon>
                        <extrude>0</extrude>
                        <altitudeMode>absolute</altitudeMode>
                        <outerBoundaryIs>
                            <LinearRing>
                            <coordinates>
                              25.73526,-33.30376,566.0719913243603
                              25.73526,-33.30376,565.9923088720509
                              25.73525,-33.30375,565.8889496381425
                              25.73525,-33.30374,565.762550866683
                              25.73524,-33.30373,565.6138918481302
                              25.73522,-33.30372,565.4438891147678
                              25.73521,-33.3037,565.2535907899784
                              25.73519,-33.30367,565.0441701262151
                              25.73517,-33.30365,564.8169182715094
                              25.73514,-33.30362,564.5732363091145
                              25.73512,-33.30359,564.314626619361
                              25.73509,-33.30355,564.0426836169826
                              25.73506,-33.30352,563.7590839210194
                              25.73503,-33.30348,563.4655760179032
                              25.73499,-33.30344,563.1639694814583
                              25.73496,-33.3034,562.856123816276
                              25.73492,-33.30335,562.5439369932512
                              25.73488,-33.30331,562.2293337479607
                              25.73485,-33.30326,561.9142537140278
                              25.73481,-33.30322,561.6006394646365
                              25.73477,-33.30317,561.2904245359216
                              25.73473,-33.30312,560.9855215060754
                              25.73469,-33.30308,560.6878102036677
                              25.73466,-33.30303,560.3991261178767
                              25.73462,-33.30299,560.1212490820885
                              25.73458,-33.30294,559.8558923006324
                              25.73455,-33.3029,559.604691786306
                              25.73451,-33.30286,559.3691962738129
                              25.73448,-33.30282,559.1508576712978
                              25.73445,-33.30279,558.95102210885
                              25.73442,-33.30275,558.7709216391643
                              25.7344,-33.30272,558.6116666415255
                              25.73437,-33.30269,558.474238975952
                              25.73435,-33.30267,558.3594859297012
                              25.73433,-33.30264,558.2681149934626
                              25.73432,-33.30262,558.200689499442
                              25.7343,-33.30261,558.1576251482313
                              25.73429,-33.3026,558.139187445876
                              25.73429,-33.30259,558.1454900669423
                              25.73428,-33.30258,558.1764941536755
                              25.73428,-33.30258,558.2319913248404
                              25.73428,-33.30258,558.232008675578
                              25.73428,-33.30258,558.3116677990804
                              25.73429,-33.30259,558.415021078742
                              25.73429,-33.3026,558.5414140764946
                              25.7343,-33.30261,558.6900675374768
                              25.73432,-33.30262,558.8600649636696
                              25.73433,-33.30264,559.0503582644108
                              25.73435,-33.30267,559.2597742182219
                              25.73437,-33.30269,559.48702170611
                              25.7344,-33.30272,559.730699671745
                              25.73442,-33.30275,559.9893057594375
                              25.73445,-33.30279,560.2612455766615
                              25.73448,-33.30282,560.5448425240146
                              25.73451,-33.30286,560.8383481320112
                              25.73455,-33.3029,561.1399528409771
                              25.73458,-33.30294,561.447797157588
                              25.73462,-33.30299,561.7599831192631
                              25.73466,-33.30303,562.0745859957367
                              25.73469,-33.30308,562.389666155659
                              25.73473,-33.30312,562.7032810250694
                              25.73477,-33.30317,563.0134970640104
                              25.73481,-33.30322,563.3184016874445
                              25.73485,-33.30326,563.6161150569774
                              25.73488,-33.30331,563.9048016706861
                              25.73492,-33.30335,564.182681679599
                              25.73496,-33.3034,564.4480418610568
                              25.73499,-33.30344,564.6992461812993
                              25.73503,-33.30348,564.9347458821587
                              25.73506,-33.30352,565.1530890296673
                              25.73509,-33.30355,565.3529294657143
                              25.73512,-33.30359,565.5330351075579
                              25.73514,-33.30362,565.6922955440248
                              25.73517,-33.30365,565.8297288815647
                              25.73519,-33.30367,565.9444877979505
                              25.73521,-33.3037,566.0358647663016
                              25.73522,-33.30372,566.1032964172222
                              25.73524,-33.30373,566.1463670121607
                              25.73525,-33.30374,566.1648110065772
                              25.73525,-33.30375,566.1585146871128
                              25.73526,-33.30376,566.1275168726706
                              25.73526,-33.30376,566.0720086750852
                            </coordinates>
                            </LinearRing>
                        </outerBoundaryIs>
                    </Polygon>
                </Placemark>
                <Placemark>
                    <name>Ground Fresnel</name>
                    <styleUrl>#ground_fresnel</styleUrl>
                    <LookAt>
                        <longitude>25.73477</longitude>
                        <latitude>-33.30317</latitude>
                        <altitude>0</altitude>
                        <altitudeMode>clampToGround</altitudeMode>
                        <heading>235.1082911828339</heading>
                        <range>159.55581604513026</range>
                        <tilt>68</tilt>
                    </LookAt>
                    <visibility>1</visibility>
                    <Polygon>
                      <extrude>0</extrude>
                      <tessellate>1</tessellate>
                      <altitudeMode>clampToGround </altitudeMode>
                      <outerBoundaryIs>
                        <LinearRing>
                          <coordinates>
                              25.73526,-33.30376,0
                              25.73526,-33.30376,0
                              25.73525,-33.30375,0
                              25.73525,-33.30374,0
                              25.73524,-33.30373,0
                              25.73522,-33.30372,0
                              25.73521,-33.3037,0
                              25.73519,-33.30367,0
                              25.73517,-33.30365,0
                              25.73514,-33.30362,0
                              25.73511,-33.30359,0
                              25.73508,-33.30355,0
                              25.73505,-33.30352,0
                              25.73502,-33.30348,0
                              25.73498,-33.30344,0
                              25.73495,-33.3034,0
                              25.73491,-33.30335,0
                              25.73487,-33.30331,0
                              25.73484,-33.30326,0
                              25.7348,-33.30322,0
                              25.73476,-33.30317,0
                              25.73472,-33.30312,0
                              25.73468,-33.30308,0
                              25.73465,-33.30303,0
                              25.73461,-33.30299,0
                              25.73457,-33.30294,0
                              25.73454,-33.3029,0
                              25.7345,-33.30286,0
                              25.73447,-33.30282,0
                              25.73444,-33.30279,0
                              25.73441,-33.30275,0
                              25.7344,-33.30272,0
                              25.73437,-33.30269,0
                              25.73435,-33.30267,0
                              25.73433,-33.30264,0
                              25.73432,-33.30262,0
                              25.7343,-33.30261,0
                              25.73429,-33.3026,0
                              25.73429,-33.30259,0
                              25.73428,-33.30258,0
                              25.73428,-33.30258,0
                              25.73428,-33.30258,0
                              25.73428,-33.30258,0
                              25.73429,-33.30259,0
                              25.73429,-33.3026,0
                              25.7343,-33.30261,0
                              25.73432,-33.30262,0
                              25.73433,-33.30264,0
                              25.73435,-33.30267,0
                              25.73437,-33.30269,0
                              25.7344,-33.30272,0
                              25.73443,-33.30275,0
                              25.73446,-33.30279,0
                              25.73449,-33.30282,0
                              25.73452,-33.30286,0
                              25.73456,-33.3029,0
                              25.73459,-33.30294,0
                              25.73463,-33.30299,0
                              25.73467,-33.30303,0
                              25.7347,-33.30308,0
                              25.73474,-33.30312,0
                              25.73478,-33.30317,0
                              25.73482,-33.30322,0
                              25.73486,-33.30326,0
                              25.73489,-33.30331,0
                              25.73493,-33.30335,0
                              25.73497,-33.3034,0
                              25.735,-33.30344,0
                              25.73504,-33.30348,0
                              25.73507,-33.30352,0
                              25.7351,-33.30355,0
                              25.73513,-33.30359,0
                              25.73514,-33.30362,0
                              25.73517,-33.30365,0
                              25.73519,-33.30367,0
                              25.73521,-33.3037,0
                              25.73522,-33.30372,0
                              25.73524,-33.30373,0
                              25.73525,-33.30374,0
                              25.73525,-33.30375,0
                              25.73526,-33.30376,0
                              25.73526,-33.30376,0
                          </coordinates>
                        </LinearRing>
                      </outerBoundaryIs>
                    </Polygon>
                </Placemark>
				<Placemark>
					<name>LoS</name>
					<styleUrl>#los_path_#ff0000</styleUrl>
					<LookAt>
						<longitude>25.73477</longitude>
						<latitude>-33.30317</latitude>
						<altitude>0</altitude>
						<altitudeMode>clampToGround</altitudeMode>
						<heading>235.1082911828339</heading>
						<range>159.55581604513026</range>
						<tilt>68</tilt>
					</LookAt>
					<LineString>
						<altitudeMode>relativeToGround</altitudeMode>
						<coordinates>
							25.73526,-33.30376,10
                            25.73428,-33.30258,10
						</coordinates>
					</LineString>
				</Placemark>
				<Placemark>
					<name>Ground</name>
					<styleUrl>#ground_path</styleUrl>
					<LookAt>
						<longitude>25.73477</longitude>
						<latitude>-33.30317</latitude>
						<altitude>0</altitude>
						<altitudeMode>clampToGround</altitudeMode>
						<heading>235.1082911828339</heading>
						<range>159.55581604513026</range>
						<tilt>68</tilt>
					</LookAt>
					<LineString>
						<altitudeMode>clampToGround</altitudeMode>
						<tessellate>1</tessellate>
						<coordinates>
							25.73526,-33.30376,0
								25.73518,-33.30366,0
								25.73436,-33.30268,0
							 25.73428,-33.30258,0
						</coordinates>
					</LineString>
				</Placemark>
				<Placemark id="end_140349983686096">
					<name>7</name>
					<styleUrl>#antenna</styleUrl>
					<Point>
						<altitudeMode>relativeToGround</altitudeMode>
						<extrude>1</extrude>
						<coordinates>
							25.73526,-33.30376,10
						</coordinates>
					</Point>
					<LookAt>
						<longitude>25.73526</longitude>
						<latitude>-33.30376</latitude>
						<altitude>10</altitude>
						<altitudeMode>clampToGround</altitudeMode>
						<heading>321.1082911828339</heading>
						<range>115.95558160451303</range>
						<tilt>68</tilt>
					</LookAt>
				</Placemark>
                <Placemark>
                    <name>Hp1</name>
                    <styleUrl>#msn_triangle</styleUrl>
                    <LookAt>
                        <longitude>25.73518</longitude>
                        <latitude>-33.30366</latitude>
                        <altitude>0</altitude>
                        <altitudeMode>clampToGround</altitudeMode>
                        <heading>235.1082911828339</heading>
                        <range>500</range>
                        <tilt>68</tilt>
                    </LookAt>
                    <Point>
                        <coordinates>
                            25.73518,-33.30366,555.0939505419127
                        </coordinates>
                    </Point>
                </Placemark><Placemark>
                    <name>Hp3</name>
                    <styleUrl>#msn_triangle</styleUrl>
                    <LookAt>
                        <longitude>25.73436</longitude>
                        <latitude>-33.30268</latitude>
                        <altitude>0</altitude>
                        <altitudeMode>clampToGround</altitudeMode>
                        <heading>235.1082911828339</heading>
                        <range>500</range>
                        <tilt>68</tilt>
                    </LookAt>
                    <Point>
                        <coordinates>
                            25.73436,-33.30268,548.1180161793984
                        </coordinates>
                    </Point>
                </Placemark>
				<Placemark id="end_140349975112608">
					<name>School</name>
					<styleUrl>#antenna</styleUrl>
					<Point>
						<altitudeMode>relativeToGround</altitudeMode>
						<extrude>1</extrude>
						<coordinates>
							25.73428,-33.30258,10
						</coordinates>
					</Point>
					<LookAt>
						<longitude>25.73428</longitude>
						<latitude>-33.30258</latitude>
						<altitude>10</altitude>
						<altitudeMode>clampToGround</altitudeMode>
						<heading>141.10882927051264</heading>
						<range>115.95558160451303</range>
						<tilt>68</tilt>
					</LookAt>
				</Placemark>
			</Folder><Folder>
				<name>7 : 000 to Workshop</name>
				<description></description>
				<LookAt>
					<longitude>25.73467</longitude>
					<latitude>-33.303</latitude>
					<altitude>0</altitude>
					<altitudeMode>clampToGround</altitudeMode>
					<heading>237.1227406045386</heading>
					<range>200.73264463698354</range>
					<tilt>68</tilt>
				</LookAt>
                <Placemark>
                    <name>Vertical Fresnel</name>
                    <styleUrl>#pvertical_fresnel</styleUrl>
                    <LookAt>
                        <longitude>25.73467</longitude>
                        <latitude>-33.303</latitude>
                        <altitude>0</altitude>
                        <altitudeMode>clampToGround</altitudeMode>
                        <heading>237.1227406045386</heading>
                        <range>200.73264463698354</range>
                        <tilt>68</tilt>
                    </LookAt>
                    <Polygon>
                        <extrude>0</extrude>
                        <altitudeMode>absolute</altitudeMode>
                        <outerBoundaryIs>
                            <LinearRing>
                            <coordinates>
                              25.73526,-33.30376,566.0719902764225
                              25.73526,-33.30376,565.9851304411882
                              25.73525,-33.30375,565.8767270937211
                              25.73524,-33.30374,565.7474485767068
                              25.73523,-33.30372,565.5980919351921
                              25.73522,-33.3037,565.429578002538
                              25.7352,-33.30368,565.2429457231759
                              25.73517,-33.30365,565.0393457471695
                              25.73515,-33.30361,564.8200333360749
                              25.73512,-33.30358,564.5863606238352
                              25.73509,-33.30354,564.3397682804255
                              25.73505,-33.30349,564.081776629643
                              25.73502,-33.30345,563.8139762758059
                              25.73498,-33.3034,563.538018297148
                              25.73494,-33.30335,563.2556040663735
                              25.7349,-33.30329,562.968474761127
                              25.73486,-33.30323,562.6784006290558
                              25.73481,-33.30318,562.3871700736432
                              25.73477,-33.30312,562.0965786281077
                              25.73472,-33.30306,561.8084178853422
                              25.73467,-33.303,561.5244644521492
                              25.73463,-33.30294,561.2464689958684
                              25.73458,-33.30288,560.9761454509306
                              25.73454,-33.30282,560.7151604518821
                              25.73449,-33.30277,560.4651230580282
                              25.73445,-33.30271,560.227574833048
                              25.73441,-33.30265,560.0039803407414
                              25.73437,-33.3026,559.7957181155059
                              25.73433,-33.30255,559.6040721632145
                              25.7343,-33.30251,559.4302240448918
                              25.73426,-33.30246,559.2752455919978
                              25.73423,-33.30242,559.1400922982297
                              25.7342,-33.30239,559.025597428587
                              25.73418,-33.30235,558.9324668820144
                              25.73415,-33.30232,558.8612748393003
                              25.73413,-33.3023,558.8124602230623
                              25.73412,-33.30228,558.7863239916416
                              25.73411,-33.30226,558.7830272835961
                              25.7341,-33.30225,558.8025904242272
                              25.73409,-33.30224,558.8448928002678
                              25.73409,-33.30224,558.909654276877
                              25.73409,-33.30224,558.9096737234939
                              25.73409,-33.30224,558.9965086721769
                              25.7341,-33.30225,559.1049066131513
                              25.73411,-33.30226,559.2341799104397
                              25.73412,-33.30228,559.3835315511768
                              25.73413,-33.3023,559.5520407328327
                              25.73415,-33.30232,559.7386685402677
                              25.73418,-33.30235,559.9422643509887
                              25.7342,-33.30239,560.1615729291206
                              25.73423,-33.30242,560.3952421643511
                              25.73426,-33.30246,560.6418314081426
                              25.7343,-33.30251,560.8998203558075
                              25.73433,-33.30255,561.1676184196937
                              25.73437,-33.3026,561.4435745356852
                              25.73441,-33.30265,561.7259873425625
                              25.73445,-33.30271,562.0131156714592
                              25.73449,-33.30277,562.303189280748
                              25.73454,-33.30282,562.594419770168
                              25.73458,-33.30288,562.8850116069083
                              25.73463,-33.30294,563.1731731956635
                              25.73467,-33.303,563.4571279244158
                              25.73472,-33.30306,563.7351251178378
                              25.73477,-33.30312,564.0054508307884
                              25.73481,-33.30318,564.2664384153551
                              25.73486,-33.30323,564.5164787962918
                              25.7349,-33.30329,564.7540303915032
                              25.73494,-33.30335,564.9776286164108
                              25.73498,-33.3034,565.185894913604
                              25.73502,-33.30345,565.3775452521053
                              25.73505,-33.30349,565.5513980438475
                              25.73509,-33.30354,565.7063814285575
                              25.73512,-33.30358,565.8415398821314
                              25.73515,-33.30361,565.9560401077583
                              25.73517,-33.30365,566.0491761734719
                              25.7352,-33.30368,566.1203738644562
                              25.73522,-33.3037,566.1691942232707
                              25.73523,-33.30372,566.195336256169
                              25.73524,-33.30374,566.1986387888248
                              25.73525,-33.30375,566.1790814600264
                              25.73526,-33.30376,566.1367848472094
                              25.73526,-33.30376,566.0720097230568
                            </coordinates>
                            </LinearRing>
                        </outerBoundaryIs>
                    </Polygon>
                </Placemark>
                <Placemark>
                    <name>Ground Fresnel</name>
                    <styleUrl>#ground_fresnel</styleUrl>
                    <LookAt>
                        <longitude>25.73467</longitude>
                        <latitude>-33.303</latitude>
                        <altitude>0</altitude>
                        <altitudeMode>clampToGround</altitudeMode>
                        <heading>237.1227406045386</heading>
                        <range>200.73264463698354</range>
                        <tilt>68</tilt>
                    </LookAt>
                    <visibility>1</visibility>
                    <Polygon>
                      <extrude>0</extrude>
                      <tessellate>1</tessellate>
                      <altitudeMode>clampToGround </altitudeMode>
                      <outerBoundaryIs>
                        <LinearRing>
                          <coordinates>
                              25.73526,-33.30376,0
                              25.73526,-33.30376,0
                              25.73525,-33.30375,0
                              25.73524,-33.30374,0
                              25.73523,-33.30372,0
                              25.73522,-33.3037,0
                              25.7352,-33.30368,0
                              25.73517,-33.30365,0
                              25.73514,-33.30361,0
                              25.73511,-33.30358,0
                              25.73508,-33.30354,0
                              25.73504,-33.30349,0
                              25.73501,-33.30345,0
                              25.73497,-33.3034,0
                              25.73493,-33.30335,0
                              25.73489,-33.30329,0
                              25.73485,-33.30323,0
                              25.7348,-33.30318,0
                              25.73476,-33.30312,0
                              25.73471,-33.30306,0
                              25.73466,-33.303,0
                              25.73462,-33.30294,0
                              25.73457,-33.30288,0
                              25.73453,-33.30282,0
                              25.73448,-33.30277,0
                              25.73444,-33.30271,0
                              25.7344,-33.30265,0
                              25.73436,-33.3026,0
                              25.73432,-33.30255,0
                              25.73429,-33.30251,0
                              25.73425,-33.30246,0
                              25.73422,-33.30242,0
                              25.73419,-33.30239,0
                              25.73418,-33.30235,0
                              25.73415,-33.30232,0
                              25.73413,-33.3023,0
                              25.73412,-33.30228,0
                              25.73411,-33.30226,0
                              25.7341,-33.30225,0
                              25.73409,-33.30224,0
                              25.73409,-33.30224,0
                              25.73409,-33.30224,0
                              25.73409,-33.30224,0
                              25.7341,-33.30225,0
                              25.73411,-33.30226,0
                              25.73412,-33.30228,0
                              25.73413,-33.3023,0
                              25.73415,-33.30232,0
                              25.73418,-33.30235,0
                              25.73421,-33.30239,0
                              25.73424,-33.30242,0
                              25.73427,-33.30246,0
                              25.73431,-33.30251,0
                              25.73434,-33.30255,0
                              25.73438,-33.3026,0
                              25.73442,-33.30265,0
                              25.73446,-33.30271,0
                              25.7345,-33.30277,0
                              25.73455,-33.30282,0
                              25.73459,-33.30288,0
                              25.73464,-33.30294,0
                              25.73468,-33.303,0
                              25.73473,-33.30306,0
                              25.73478,-33.30312,0
                              25.73482,-33.30318,0
                              25.73487,-33.30323,0
                              25.73491,-33.30329,0
                              25.73495,-33.30335,0
                              25.73499,-33.3034,0
                              25.73503,-33.30345,0
                              25.73506,-33.30349,0
                              25.7351,-33.30354,0
                              25.73513,-33.30358,0
                              25.73516,-33.30361,0
                              25.73517,-33.30365,0
                              25.7352,-33.30368,0
                              25.73522,-33.3037,0
                              25.73523,-33.30372,0
                              25.73524,-33.30374,0
                              25.73525,-33.30375,0
                              25.73526,-33.30376,0
                              25.73526,-33.30376,0
                          </coordinates>
                        </LinearRing>
                      </outerBoundaryIs>
                    </Polygon>
                </Placemark>
				<Placemark>
					<name>LoS</name>
					<styleUrl>#los_path_#ff0000</styleUrl>
					<LookAt>
						<longitude>25.73467</longitude>
						<latitude>-33.303</latitude>
						<altitude>0</altitude>
						<altitudeMode>clampToGround</altitudeMode>
						<heading>237.1227406045386</heading>
						<range>200.73264463698354</range>
						<tilt>68</tilt>
					</LookAt>
					<LineString>
						<altitudeMode>relativeToGround</altitudeMode>
						<coordinates>
							25.73526,-33.30376,10
                            25.73409,-33.30224,10
						</coordinates>
					</LineString>
				</Placemark>
				<Placemark>
					<name>Ground</name>
					<styleUrl>#ground_path</styleUrl>
					<LookAt>
						<longitude>25.73467</longitude>
						<latitude>-33.303</latitude>
						<altitude>0</altitude>
						<altitudeMode>clampToGround</altitudeMode>
						<heading>237.1227406045386</heading>
						<range>200.73264463698354</range>
						<tilt>68</tilt>
					</LookAt>
					<LineString>
						<altitudeMode>clampToGround</altitudeMode>
						<tessellate>1</tessellate>
						<coordinates>
							25.73526,-33.30376,0
								25.73518,-33.30365,0
								25.73417,-33.30235,0
							 25.73409,-33.30224,0
						</coordinates>
					</LineString>
				</Placemark>
				<Placemark id="end_140349983686096">
					<name>7</name>
					<styleUrl>#antenna</styleUrl>
					<Point>
						<altitudeMode>relativeToGround</altitudeMode>
						<extrude>1</extrude>
						<coordinates>
							25.73526,-33.30376,10
						</coordinates>
					</Point>
					<LookAt>
						<longitude>25.73526</longitude>
						<latitude>-33.30376</latitude>
						<altitude>10</altitude>
						<altitudeMode>clampToGround</altitudeMode>
						<heading>323.1227406045386</heading>
						<range>120.07326446369835</range>
						<tilt>68</tilt>
					</LookAt>
				</Placemark>
                <Placemark>
                    <name>Hp1</name>
                    <styleUrl>#msn_triangle</styleUrl>
                    <LookAt>
                        <longitude>25.73518</longitude>
                        <latitude>-33.30365</latitude>
                        <altitude>0</altitude>
                        <altitudeMode>clampToGround</altitudeMode>
                        <heading>237.12274060453865</heading>
                        <range>500</range>
                        <tilt>68</tilt>
                    </LookAt>
                    <Point>
                        <coordinates>
                            25.73518,-33.30365,554.8813847350615
                        </coordinates>
                    </Point>
                </Placemark><Placemark>
                    <name>Hp3</name>
                    <styleUrl>#msn_triangle</styleUrl>
                    <LookAt>
                        <longitude>25.73417</longitude>
                        <latitude>-33.30235</latitude>
                        <altitude>0</altitude>
                        <altitudeMode>clampToGround</altitudeMode>
                        <heading>237.12274060453865</heading>
                        <range>500</range>
                        <tilt>68</tilt>
                    </LookAt>
                    <Point>
                        <coordinates>
                            25.73417,-33.30235,548.2765305828489
                        </coordinates>
                    </Point>
                </Placemark>
				<Placemark id="end_140349975320320">
					<name>Workshop</name>
					<styleUrl>#antenna</styleUrl>
					<Point>
						<altitudeMode>relativeToGround</altitudeMode>
						<extrude>1</extrude>
						<coordinates>
							25.73409,-33.30224,10
						</coordinates>
					</Point>
					<LookAt>
						<longitude>25.73409</longitude>
						<latitude>-33.30224</latitude>
						<altitude>10</altitude>
						<altitudeMode>clampToGround</altitudeMode>
						<heading>143.12338301243724</heading>
						<range>120.07326446369835</range>
						<tilt>68</tilt>
					</LookAt>
				</Placemark>
			</Folder><Folder>
				<name>Tower : 000 to 1</name>
				<description></description>
				<LookAt>
					<longitude>25.73389</longitude>
					<latitude>-33.30704</latitude>
					<altitude>0</altitude>
					<altitudeMode>clampToGround</altitudeMode>
					<heading>-60.21571300094723</heading>
					<range>770.5703849410543</range>
					<tilt>68</tilt>
				</LookAt>
                <Placemark>
                    <name>Vertical Fresnel</name>
                    <styleUrl>#pvertical_fresnel</styleUrl>
                    <LookAt>
                        <longitude>25.73389</longitude>
                        <latitude>-33.30704</latitude>
                        <altitude>0</altitude>
                        <altitudeMode>clampToGround</altitudeMode>
                        <heading>-60.21571300094723</heading>
                        <range>770.5703849410543</range>
                        <tilt>68</tilt>
                    </LookAt>
                    <Polygon>
                        <extrude>0</extrude>
                        <altitudeMode>absolute</altitudeMode>
                        <outerBoundaryIs>
                            <LinearRing>
                            <coordinates>
                              25.73183,-33.31005,710.232301003032
                              25.73184,-33.31004,709.8545369704862
                              25.73186,-33.31001,709.0207864663927
                              25.73189,-33.30997,707.73618983986
                              25.73193,-33.3099,706.0086670562623
                              25.73199,-33.30982,703.8488688680204
                              25.73205,-33.30972,701.2701111491705
                              25.73213,-33.30961,698.2882927985731
                              25.73222,-33.30947,694.9217977179151
                              25.73232,-33.30933,691.1913814688418
                              25.73243,-33.30917,687.1200433080179
                              25.73255,-33.30899,682.7328843890624
                              25.73268,-33.30881,678.0569530055892
                              25.73281,-33.30861,673.1210778294819
                              25.73295,-33.3084,667.9556901725467
                              25.7331,-33.30819,662.5926363673541
                              25.73325,-33.30797,657.0649814240095
                              25.73341,-33.30774,651.4068051733705
                              25.73356,-33.30751,645.6529921535567
                              25.73372,-33.30727,639.8390165351724
                              25.73389,-33.30703,634.0007234112477
                              25.73405,-33.3068,628.1741078003214
                              25.73421,-33.30656,622.3950927251809
                              25.73436,-33.30633,616.6993077354822
                              25.73452,-33.3061,611.1218692397274
                              25.73467,-33.30588,605.6971640009294
                              25.73482,-33.30567,600.4586371307827
                              25.73496,-33.30546,595.438585889429
                              25.73509,-33.30526,590.6679605621075
                              25.73522,-33.30508,586.176173640355
                              25.73534,-33.3049,581.9909184842152
                              25.73545,-33.30474,578.1379985834637
                              25.73555,-33.3046,574.6411684705149
                              25.73564,-33.30446,571.5219872658291
                              25.73572,-33.30435,568.799685758766
                              25.73578,-33.30425,566.491047843374
                              25.73584,-33.30417,564.6103070401014
                              25.73588,-33.3041,563.1690587414101
                              25.73591,-33.30406,562.1761887223253
                              25.73593,-33.30403,561.6378183566774
                              25.73594,-33.30402,561.557229010466
                              25.73594,-33.30402,561.5572669967846
                              25.73593,-33.30403,561.9348766306125
                              25.73591,-33.30406,562.768511554238
                              25.73588,-33.3041,564.052994264814
                              25.73584,-33.30417,565.780405499296
                              25.73578,-33.30425,567.9400951930013
                              25.73572,-33.30435,570.518748140798
                              25.73564,-33.30446,573.5004660897742
                              25.73555,-33.3046,576.8668657572525
                              25.73545,-33.30474,580.5971921698413
                              25.73534,-33.3049,584.6684466247477
                              25.73522,-33.30508,589.0555284844277
                              25.73509,-33.30526,593.7313899303635
                              25.73496,-33.30546,598.6672027218596
                              25.73482,-33.30567,603.8325359317315
                              25.73467,-33.30588,609.1955435630932
                              25.73452,-33.3061,614.7231608905163
                              25.73436,-33.30633,620.3813083150577
                              25.73421,-33.30656,626.1351014763203
                              25.73405,-33.3068,631.9490663261346
                              25.73389,-33.30703,637.7873578378619
                              25.73372,-33.30727,643.6139810029036
                              25.73356,-33.30751,649.3930127518983
                              25.73341,-33.30774,655.0888234323904
                              25.73325,-33.30797,660.6662964774854
                              25.7331,-33.30819,666.0910449111623
                              25.73295,-33.3084,671.3296233554155
                              25.73281,-33.30861,676.3497342321323
                              25.73268,-33.30881,681.1204268884013
                              25.73255,-33.30899,685.6122884175803
                              25.73243,-33.30917,689.7976249996465
                              25.73232,-33.30933,693.6506326428056
                              25.73222,-33.30947,697.1475562736828
                              25.73213,-33.30961,700.2668361952483
                              25.73205,-33.30972,702.98924100952
                              25.73199,-33.30982,705.2979861855263
                              25.73193,-33.3099,707.1788375415217
                              25.73189,-33.30997,708.6201990034498
                              25.73186,-33.31001,709.6131840985964
                              25.73184,-33.31004,710.151670743649
                              25.73183,-33.31005,710.2323389893766
                            </coordinates>
                            </LinearRing>
                        </outerBoundaryIs>
                    </Polygon>
                </Placemark>
                <Placemark>
                    <name>Ground Fresnel</name>
                    <styleUrl>#ground_fresnel</styleUrl>
                    <LookAt>
                        <longitude>25.73389</longitude>
                        <latitude>-33.30704</latitude>
                        <altitude>0</altitude>
                        <altitudeMode>clampToGround</altitudeMode>
                        <heading>-60.21571300094723</heading>
                        <range>770.5703849410543</range>
                        <tilt>68</tilt>
                    </LookAt>
                    <visibility>1</visibility>
                    <Polygon>
                      <extrude>0</extrude>
                      <tessellate>1</tessellate>
                      <altitudeMode>clampToGround </altitudeMode>
                      <outerBoundaryIs>
                        <LinearRing>
                          <coordinates>
                              25.73183,-33.31005,0
                              25.73184,-33.31004,0
                              25.73186,-33.31001,0
                              25.73189,-33.30997,0
                              25.73192,-33.3099,0
                              25.73198,-33.30982,0
                              25.73204,-33.30972,0
                              25.73212,-33.30961,0
                              25.73221,-33.30947,0
                              25.73231,-33.30932,0
                              25.73242,-33.30916,0
                              25.73254,-33.30898,0
                              25.73267,-33.3088,0
                              25.73279,-33.3086,0
                              25.73293,-33.30839,0
                              25.73308,-33.30818,0
                              25.73323,-33.30796,0
                              25.73339,-33.30773,0
                              25.73354,-33.3075,0
                              25.7337,-33.30726,0
                              25.73387,-33.30702,0
                              25.73403,-33.30679,0
                              25.73419,-33.30655,0
                              25.73434,-33.30632,0
                              25.7345,-33.30609,0
                              25.73465,-33.30587,0
                              25.7348,-33.30566,0
                              25.73494,-33.30545,0
                              25.73508,-33.30525,0
                              25.73521,-33.30507,0
                              25.73533,-33.30489,0
                              25.73544,-33.30473,0
                              25.73554,-33.3046,0
                              25.73563,-33.30446,0
                              25.73571,-33.30435,0
                              25.73577,-33.30425,0
                              25.73583,-33.30417,0
                              25.73588,-33.3041,0
                              25.73591,-33.30406,0
                              25.73593,-33.30403,0
                              25.73594,-33.30402,0
                              25.73594,-33.30402,0
                              25.73593,-33.30403,0
                              25.73591,-33.30406,0
                              25.73588,-33.3041,0
                              25.73585,-33.30417,0
                              25.73579,-33.30425,0
                              25.73573,-33.30435,0
                              25.73565,-33.30446,0
                              25.73556,-33.3046,0
                              25.73546,-33.30475,0
                              25.73535,-33.30491,0
                              25.73523,-33.30509,0
                              25.7351,-33.30527,0
                              25.73498,-33.30547,0
                              25.73484,-33.30568,0
                              25.73469,-33.30589,0
                              25.73454,-33.30611,0
                              25.73438,-33.30634,0
                              25.73423,-33.30657,0
                              25.73407,-33.30681,0
                              25.73391,-33.30704,0
                              25.73374,-33.30728,0
                              25.73358,-33.30752,0
                              25.73343,-33.30775,0
                              25.73327,-33.30798,0
                              25.73312,-33.3082,0
                              25.73297,-33.30841,0
                              25.73283,-33.30862,0
                              25.73269,-33.30882,0
                              25.73256,-33.309,0
                              25.73244,-33.30918,0
                              25.73233,-33.30934,0
                              25.73223,-33.30947,0
                              25.73214,-33.30961,0
                              25.73206,-33.30972,0
                              25.732,-33.30982,0
                              25.73194,-33.3099,0
                              25.73189,-33.30997,0
                              25.73186,-33.31001,0
                              25.73184,-33.31004,0
                              25.73183,-33.31005,0
                          </coordinates>
                        </LinearRing>
                      </outerBoundaryIs>
                    </Polygon>
                </Placemark>
				<Placemark>
					<name>LoS</name>
					<styleUrl>#los_path_#ff0000</styleUrl>
					<LookAt>
						<longitude>25.73389</longitude>
						<latitude>-33.30704</latitude>
						<altitude>0</altitude>
						<altitudeMode>clampToGround</altitudeMode>
						<heading>-60.21571300094723</heading>
						<range>770.5703849410543</range>
						<tilt>68</tilt>
					</LookAt>
					<LineString>
						<altitudeMode>relativeToGround</altitudeMode>
						<coordinates>
							25.73183,-33.31005,15.0
                            25.73594,-33.30402,10
						</coordinates>
					</LineString>
				</Placemark>
				<Placemark>
					<name>Ground</name>
					<styleUrl>#ground_path</styleUrl>
					<LookAt>
						<longitude>25.73389</longitude>
						<latitude>-33.30704</latitude>
						<altitude>0</altitude>
						<altitudeMode>clampToGround</altitudeMode>
						<heading>-60.21571300094723</heading>
						<range>770.5703849410543</range>
						<tilt>68</tilt>
					</LookAt>
					<LineString>
						<altitudeMode>clampToGround</altitudeMode>
						<tessellate>1</tessellate>
						<coordinates>
							25.73183,-33.31005,0
								25.73191,-33.30993,0
								25.73586,-33.30414,0
							 25.73594,-33.30402,0
						</coordinates>
					</LineString>
				</Placemark>
				<Placemark id="end_140349983685856">
					<name>Tower</name>
					<styleUrl>#antenna</styleUrl>
					<Point>
						<altitudeMode>relativeToGround</altitudeMode>
						<extrude>1</extrude>
						<coordinates>
							25.73183,-33.31005,15.0
						</coordinates>
					</Point>
					<LookAt>
						<longitude>25.73183</longitude>
						<latitude>-33.31005</latitude>
						<altitude>15.0</altitude>
						<altitudeMode>clampToGround</altitudeMode>
						<heading>25.784286999052764</heading>
						<range>177.05703849410543</range>
						<tilt>68</tilt>
					</LookAt>
				</Placemark>
                <Placemark>
                    <name>Hp2</name>
                    <styleUrl>#msn_triangle</styleUrl>
                    <LookAt>
                        <longitude>25.73191</longitude>
                        <latitude>-33.30993</latitude>
                        <altitude>0</altitude>
                        <altitudeMode>clampToGround</altitudeMode>
                        <heading>299.78428699905277</heading>
                        <range>500</range>
                        <tilt>68</tilt>
                    </LookAt>
                    <Point>
                        <coordinates>
                            25.73191,-33.30993,691.6265109871221
                        </coordinates>
                    </Point>
                </Placemark><Placemark>
                    <name>Hp1</name>
                    <styleUrl>#msn_triangle</styleUrl>
                    <LookAt>
                        <longitude>25.73586</longitude>
                        <latitude>-33.30414</latitude>
                        <altitude>0</altitude>
                        <altitudeMode>clampToGround</altitudeMode>
                        <heading>299.78428699905277</heading>
                        <range>500</range>
                        <tilt>68</tilt>
                    </LookAt>
                    <Point>
                        <coordinates>
                            25.73586,-33.30414,552.5197573923367
                        </coordinates>
                    </Point>
                </Placemark>
				<Placemark id="end_140349983683312">
					<name>1</name>
					<styleUrl>#antenna</styleUrl>
					<Point>
						<altitudeMode>relativeToGround</altitudeMode>
						<extrude>1</extrude>
						<coordinates>
							25.73594,-33.30402,10
						</coordinates>
					</Point>
					<LookAt>
						<longitude>25.73594</longitude>
						<latitude>-33.30402</latitude>
						<altitude>10</altitude>
						<altitudeMode>clampToGround</altitudeMode>
						<heading>205.7820300935005</heading>
						<range>177.05703849410543</range>
						<tilt>68</tilt>
					</LookAt>
				</Placemark>
			</Folder><Folder>
				<name>Tower : 000 to 6</name>
				<description></description>
				<LookAt>
					<longitude>25.73369</longitude>
					<latitude>-33.30698</latitude>
					<altitude>0</altitude>
					<altitudeMode>clampToGround</altitudeMode>
					<heading>-63.09755090138408</heading>
					<range>763.6213213279209</range>
					<tilt>68</tilt>
				</LookAt>
                <Placemark>
                    <name>Vertical Fresnel</name>
                    <styleUrl>#pvertical_fresnel</styleUrl>
                    <LookAt>
                        <longitude>25.73369</longitude>
                        <latitude>-33.30698</latitude>
                        <altitude>0</altitude>
                        <altitudeMode>clampToGround</altitudeMode>
                        <heading>-63.09755090138408</heading>
                        <range>763.6213213279209</range>
                        <tilt>68</tilt>
                    </LookAt>
                    <Polygon>
                        <extrude>0</extrude>
                        <altitudeMode>absolute</altitudeMode>
                        <outerBoundaryIs>
                            <LinearRing>
                            <coordinates>
                              25.73183,-33.31005,710.2323010886475
                              25.73184,-33.31004,709.8584062898234
                              25.73185,-33.31001,709.0348953534912
                              25.73188,-33.30997,707.7668454984193
                              25.73192,-33.3099,706.0620746736338
                              25.73197,-33.30982,703.9310933581631
                              25.73203,-33.30972,701.3870397604405
                              25.7321,-33.3096,698.4455988168794
                              25.73218,-33.30946,695.1249054890255
                              25.73227,-33.30931,691.4454329554874
                              25.73237,-33.30915,687.429866387983
                              25.73248,-33.30897,683.1029630897127
                              25.73259,-33.30878,678.4913998583515
                              25.73272,-33.30858,673.6236085147212
                              25.73284,-33.30837,668.5296006111599
                              25.73298,-33.30815,663.240782400323
                              25.73311,-33.30793,657.7897612051906
                              25.73325,-33.3077,652.2101443840792
                              25.73339,-33.30746,646.5363321301018
                              25.73354,-33.30722,640.8033053825383
                              25.73369,-33.30698,635.0464101577121
                              25.73383,-33.30674,629.3011396290462
                              25.73398,-33.3065,623.6029152998464
                              25.73412,-33.30626,617.9868686179539
                              25.73426,-33.30603,612.4876243786874
                              25.73439,-33.30581,607.1390872514665
                              25.73453,-33.30559,601.9742327462498
                              25.73465,-33.30538,597.02490390855
                              25.73478,-33.30518,592.3216149964704
                              25.73489,-33.30499,587.8933633501565
                              25.735,-33.30481,583.7674506135506
                              25.7351,-33.30465,579.9693144106792
                              25.73519,-33.3045,576.5223715142417
                              25.73527,-33.30436,573.4478734734192
                              25.73534,-33.30424,570.7647755910078
                              25.7354,-33.30414,568.489620057673
                              25.73545,-33.30406,566.6364339638441
                              25.73549,-33.30399,565.2166428180361
                              25.73552,-33.30395,564.2390001047918
                              25.73553,-33.30392,563.7095333165371
                              25.73554,-33.30391,563.6314690968777
                              25.73554,-33.30391,563.6315069120815
                              25.73553,-33.30392,564.0052491102115
                              25.73552,-33.30395,564.8286460818924
                              25.73549,-33.30399,566.0965836157769
                              25.73545,-33.30406,567.8012444553368
                              25.7354,-33.30414,569.9321187996387
                              25.73534,-33.30424,572.4760690997624
                              25.73527,-33.30436,575.4174110561584
                              25.73519,-33.3045,578.7380103175701
                              25.7351,-33.30465,582.4173942853394
                              25.735,-33.30481,586.4328783337858
                              25.73489,-33.30499,590.7597056684667
                              25.73478,-33.30518,595.3711999600476
                              25.73465,-33.30538,600.2389298127437
                              25.73453,-33.30559,605.3328840533284
                              25.73439,-33.30581,610.6216567599969
                              25.73426,-33.30603,616.0726408903173
                              25.73412,-33.30626,621.6522293144899
                              25.73398,-33.3065,627.3260220144783
                              25.73383,-33.30674,633.0590381715595
                              25.73369,-33.30698,638.8159318347037
                              25.73354,-33.30722,644.5612098401165
                              25.73339,-33.30746,650.2594506383955
                              25.73325,-33.3077,655.8755226801619
                              25.73311,-33.30793,661.3748010137449
                              25.73298,-33.30815,666.7233807595223
                              25.73284,-33.30837,671.8882861447781
                              25.73272,-33.30858,676.8376738103069
                              25.73259,-33.30878,681.5410291353123
                              25.73248,-33.30897,685.9693543701914
                              25.73237,-33.30915,690.0953474173033
                              25.73227,-33.30931,693.893570157481
                              25.73218,-33.30946,697.3406052844938
                              25.7321,-33.3096,700.4152006805283
                              25.73203,-33.30972,703.0984004425611
                              25.73197,-33.30982,705.3736617518051
                              25.73192,-33.3099,707.2269568656873
                              25.73188,-33.30997,708.6468596035477
                              25.73185,-33.31001,709.6246157928416
                              25.73184,-33.31004,710.1541972415254
                              25.73183,-33.31005,710.2323389038647
                            </coordinates>
                            </LinearRing>
                        </outerBoundaryIs>
                    </Polygon>
                </Placemark>
                <Placemark>
                    <name>Ground Fresnel</name>
                    <styleUrl>#ground_fresnel</styleUrl>
                    <LookAt>
                        <longitude>25.73369</longitude>
                        <latitude>-33.30698</latitude>
                        <altitude>0</altitude>
                        <altitudeMode>clampToGround</altitudeMode>
                        <heading>-63.09755090138408</heading>
                        <range>763.6213213279209</range>
                        <tilt>68</tilt>
                    </LookAt>
                    <visibility>1</visibility>
                    <Polygon>
                      <extrude>0</extrude>
                      <tessellate>1</tessellate>
                      <altitudeMode>clampToGround </altitudeMode>
                      <outerBoundaryIs>
                        <LinearRing>
                          <coordinates>
                              25.73183,-33.31005,0
                              25.73184,-33.31004,0
                              25.73185,-33.31001,0
                              25.73188,-33.30997,0
                              25.73191,-33.3099,0
                              25.73196,-33.30982,0
                              25.73202,-33.30972,0
                              25.73209,-33.3096,0
                              25.73217,-33.30946,0
                              25.73226,-33.30931,0
                              25.73236,-33.30914,0
                              25.73247,-33.30896,0
                              25.73258,-33.30877,0
                              25.7327,-33.30857,0
                              25.73282,-33.30836,0
                              25.73296,-33.30814,0
                              25.73309,-33.30792,0
                              25.73323,-33.30769,0
                              25.73337,-33.30745,0
                              25.73352,-33.30721,0
                              25.73367,-33.30697,0
                              25.73381,-33.30673,0
                              25.73396,-33.30649,0
                              25.7341,-33.30625,0
                              25.73424,-33.30602,0
                              25.73437,-33.3058,0
                              25.73451,-33.30558,0
                              25.73463,-33.30537,0
                              25.73477,-33.30517,0
                              25.73488,-33.30498,0
                              25.73499,-33.3048,0
                              25.73509,-33.30465,0
                              25.73518,-33.3045,0
                              25.73526,-33.30436,0
                              25.73533,-33.30424,0
                              25.73539,-33.30414,0
                              25.73544,-33.30406,0
                              25.73549,-33.30399,0
                              25.73552,-33.30395,0
                              25.73553,-33.30392,0
                              25.73554,-33.30391,0
                              25.73554,-33.30391,0
                              25.73553,-33.30392,0
                              25.73552,-33.30395,0
                              25.73549,-33.30399,0
                              25.73546,-33.30406,0
                              25.73541,-33.30414,0
                              25.73535,-33.30424,0
                              25.73528,-33.30436,0
                              25.7352,-33.3045,0
                              25.73511,-33.30465,0
                              25.73501,-33.30482,0
                              25.7349,-33.305,0
                              25.73479,-33.30519,0
                              25.73467,-33.30539,0
                              25.73455,-33.3056,0
                              25.73441,-33.30582,0
                              25.73428,-33.30604,0
                              25.73414,-33.30627,0
                              25.734,-33.30651,0
                              25.73385,-33.30675,0
                              25.73371,-33.30699,0
                              25.73356,-33.30723,0
                              25.73341,-33.30747,0
                              25.73327,-33.30771,0
                              25.73313,-33.30794,0
                              25.733,-33.30816,0
                              25.73286,-33.30838,0
                              25.73274,-33.30859,0
                              25.7326,-33.30879,0
                              25.73249,-33.30898,0
                              25.73238,-33.30916,0
                              25.73228,-33.30931,0
                              25.73219,-33.30946,0
                              25.73211,-33.3096,0
                              25.73204,-33.30972,0
                              25.73198,-33.30982,0
                              25.73193,-33.3099,0
                              25.73188,-33.30997,0
                              25.73185,-33.31001,0
                              25.73184,-33.31004,0
                              25.73183,-33.31005,0
                          </coordinates>
                        </LinearRing>
                      </outerBoundaryIs>
                    </Polygon>
                </Placemark>
				<Placemark>
					<name>LoS</name>
					<styleUrl>#los_path_#ff0000</styleUrl>
					<LookAt>
						<longitude>25.73369</longitude>
						<latitude>-33.30698</latitude>
						<altitude>0</altitude>
						<altitudeMode>clampToGround</altitudeMode>
						<heading>-63.09755090138408</heading>
						<range>763.6213213279209</range>
						<tilt>68</tilt>
					</LookAt>
					<LineString>
						<altitudeMode>relativeToGround</altitudeMode>
						<coordinates>
							25.73183,-33.31005,15.0
                            25.73554,-33.30391,10
						</coordinates>
					</LineString>
				</Placemark>
				<Placemark>
					<name>Ground</name>
					<styleUrl>#ground_path</styleUrl>
					<LookAt>
						<longitude>25.73369</longitude>
						<latitude>-33.30698</latitude>
						<altitude>0</altitude>
						<altitudeMode>clampToGround</altitudeMode>
						<heading>-63.09755090138408</heading>
						<range>763.6213213279209</range>
						<tilt>68</tilt>
					</LookAt>
					<LineString>
						<altitudeMode>clampToGround</altitudeMode>
						<tessellate>1</tessellate>
						<coordinates>
							25.73183,-33.31005,0
								25.7354,-33.30415,0
								25.73547,-33.30403,0
							 25.73554,-33.30391,0
						</coordinates>
					</LineString>
				</Placemark>
				<Placemark id="end_140349983685856">
					<name>Tower</name>
					<styleUrl>#antenna</styleUrl>
					<Point>
						<altitudeMode>relativeToGround</altitudeMode>
						<extrude>1</extrude>
						<coordinates>
							25.73183,-33.31005,15.0
						</coordinates>
					</Point>
					<LookAt>
						<longitude>25.73183</longitude>
						<latitude>-33.31005</latitude>
						<altitude>15.0</altitude>
						<altitudeMode>clampToGround</altitudeMode>
						<heading>22.902449098615914</heading>
						<range>176.3621321327921</range>
						<tilt>68</tilt>
					</LookAt>
				</Placemark>
                <Placemark>
                    <name>Hp2</name>
                    <styleUrl>#msn_triangle</styleUrl>
                    <LookAt>
                        <longitude>25.7354</longitude>
                        <latitude>-33.30415</latitude>
                        <altitude>0</altitude>
                        <altitudeMode>clampToGround</altitudeMode>
                        <heading>296.90244909861593</heading>
                        <range>500</range>
                        <tilt>68</tilt>
                    </LookAt>
                    <Point>
                        <coordinates>
                            25.7354,-33.30415,559.0674024685754
                        </coordinates>
                    </Point>
                </Placemark><Placemark>
                    <name>Hp1</name>
                    <styleUrl>#msn_triangle</styleUrl>
                    <LookAt>
                        <longitude>25.73547</longitude>
                        <latitude>-33.30403</latitude>
                        <altitude>0</altitude>
                        <altitudeMode>clampToGround</altitudeMode>
                        <heading>296.90244909861593</heading>
                        <range>500</range>
                        <tilt>68</tilt>
                    </LookAt>
                    <Point>
                        <coordinates>
                            25.73547,-33.30403,556.3494452346949
                        </coordinates>
                    </Point>
                </Placemark>
				<Placemark id="end_140349985052464">
					<name>6</name>
					<styleUrl>#antenna</styleUrl>
					<Point>
						<altitudeMode>relativeToGround</altitudeMode>
						<extrude>1</extrude>
						<coordinates>
							25.73554,-33.30391,10
						</coordinates>
					</Point>
					<LookAt>
						<longitude>25.73554</longitude>
						<latitude>-33.30391</latitude>
						<altitude>10</altitude>
						<altitudeMode>clampToGround</altitudeMode>
						<heading>202.9004118462154</heading>
						<range>176.3621321327921</range>
						<tilt>68</tilt>
					</LookAt>
				</Placemark>
			</Folder><Folder>
				<name>Tower : 000 to 7</name>
				<description></description>
				<LookAt>
					<longitude>25.73355</longitude>
					<latitude>-33.30691</latitude>
					<altitude>0</altitude>
					<altitudeMode>clampToGround</altitudeMode>
					<heading>-65.39680420943702</heading>
					<range>767.277082955537</range>
					<tilt>68</tilt>
				</LookAt>
                <Placemark>
                    <name>Vertical Fresnel</name>
                    <styleUrl>#pvertical_fresnel</styleUrl>
                    <LookAt>
                        <longitude>25.73355</longitude>
                        <latitude>-33.30691</latitude>
                        <altitude>0</altitude>
                        <altitudeMode>clampToGround</altitudeMode>
                        <heading>-65.39680420943702</heading>
                        <range>767.277082955537</range>
                        <tilt>68</tilt>
                    </LookAt>
                    <Polygon>
                        <extrude>0</extrude>
                        <altitudeMode>absolute</altitudeMode>
                        <outerBoundaryIs>
                            <LinearRing>
                            <coordinates>
                              25.73183,-33.31005,710.232301043647
                              25.73184,-33.31004,709.8618152946439
                              25.73185,-33.31001,709.0492156745017
                              25.73188,-33.30996,707.7995121300966
                              25.73191,-33.3099,706.1204094993479
                              25.73196,-33.30981,704.0222600083328
                              25.73202,-33.30971,701.5179994463688
                              25.73208,-33.30959,698.6230674125715
                              25.73216,-33.30945,695.3553121255918
                              25.73224,-33.3093,691.7348803834129
                              25.73233,-33.30913,687.7840933516412
                              25.73243,-33.30895,683.5273089460975
                              25.73254,-33.30875,678.9907716581663
                              25.73265,-33.30855,674.2024507487795
                              25.73277,-33.30833,669.1918678086219
                              25.73289,-33.30811,663.9899147477072
                              25.73302,-33.30788,658.6286633364809
                              25.73314,-33.30764,653.1411674726904
                              25.73328,-33.3074,647.5612593931136
                              25.73341,-33.30715,641.9233410865685
                              25.73355,-33.3069,636.2621721942132
                              25.73368,-33.30666,630.6126557047987
                              25.73381,-33.30641,625.0096227661373
                              25.73395,-33.30617,619.4876179394931
                              25.73408,-33.30593,614.0806862208755
                              25.7342,-33.3057,608.8221631423169
                              25.73432,-33.30548,603.7444692472329
                              25.73444,-33.30526,598.8789102069916
                              25.73455,-33.30506,594.2554838110383
                              25.73466,-33.30486,589.9026950205495
                              25.73476,-33.30468,585.8473802258676
                              25.73485,-33.30451,582.1145417912311
                              25.73493,-33.30436,578.7271939068839
                              25.73501,-33.30422,575.7062206989408
                              25.73507,-33.3041,573.0702474718042
                              25.73513,-33.304,570.8355258769693
                              25.73518,-33.30391,569.0158337161889
                              25.73521,-33.30385,567.6223899967429
                              25.73524,-33.3038,566.663785762529
                              25.73525,-33.30377,566.1459311274191
                              25.73526,-33.30376,566.0719810521051
                              25.73526,-33.30376,566.0720189574423
                              25.73525,-33.30377,566.4423539307043
                              25.73524,-33.3038,567.254841490025
                              25.73521,-33.30385,568.5044345940837
                              25.73518,-33.30391,570.1834290858623
                              25.73513,-33.304,572.2814734059962
                              25.73507,-33.3041,574.7856324135815
                              25.73501,-33.30422,577.680467135619
                              25.73493,-33.30436,580.9481299534173
                              25.73485,-33.30451,584.568474639096
                              25.73476,-33.30468,588.5191805637818
                              25.73466,-33.30486,592.7758903117054
                              25.73455,-33.30506,597.3123598517717
                              25.73444,-33.30526,602.1006203407367
                              25.73432,-33.30548,607.1111505604276
                              25.7342,-33.3057,612.3130589258701
                              25.73408,-33.30593,617.6742739421808
                              25.73395,-33.30617,623.1617419359994
                              25.73381,-33.30641,628.7416308423757
                              25.73368,-33.30666,634.3795387907005
                              25.73355,-33.3069,640.0407062036777
                              25.73341,-33.30715,645.6902301016772
                              25.73328,-33.3074,651.2932792912105
                              25.73314,-33.30764,656.8153091108212
                              25.73302,-33.30788,662.2222744104101
                              25.73289,-33.30811,667.4808394509068
                              25.73277,-33.30833,672.5585834301863
                              25.73265,-33.30855,677.4242003680954
                              25.73254,-33.30875,682.0476921182296
                              25.73243,-33.30895,686.4005533164827
                              25.73233,-33.30913,690.4559471260942
                              25.73224,-33.3093,694.1888706956722
                              25.73216,-33.30945,697.5763093100877
                              25.73208,-33.30959,700.5973782838447
                              25.73202,-33.30971,703.2334517221129
                              25.73196,-33.30981,705.4682773555621
                              25.73191,-33.3099,707.288076741007
                              25.73188,-33.30996,708.6816302100914
                              25.73185,-33.31001,709.6403460422753
                              25.73184,-33.31004,710.1583134356475
                              25.73183,-33.31005,710.2323389489874
                            </coordinates>
                            </LinearRing>
                        </outerBoundaryIs>
                    </Polygon>
                </Placemark>
                <Placemark>
                    <name>Ground Fresnel</name>
                    <styleUrl>#ground_fresnel</styleUrl>
                    <LookAt>
                        <longitude>25.73355</longitude>
                        <latitude>-33.30691</latitude>
                        <altitude>0</altitude>
                        <altitudeMode>clampToGround</altitudeMode>
                        <heading>-65.39680420943702</heading>
                        <range>767.277082955537</range>
                        <tilt>68</tilt>
                    </LookAt>
                    <visibility>1</visibility>
                    <Polygon>
                      <extrude>0</extrude>
                      <tessellate>1</tessellate>
                      <altitudeMode>clampToGround </altitudeMode>
                      <outerBoundaryIs>
                        <LinearRing>
                          <coordinates>
                              25.73183,-33.31005,0
                              25.73184,-33.31004,0
                              25.73185,-33.31001,0
                              25.73188,-33.30996,0
                              25.7319,-33.3099,0
                              25.73195,-33.30981,0
                              25.73201,-33.30971,0
                              25.73207,-33.30959,0
                              25.73215,-33.30945,0
                              25.73223,-33.3093,0
                              25.73232,-33.30912,0
                              25.73242,-33.30894,0
                              25.73253,-33.30874,0
                              25.73263,-33.30854,0
                              25.73275,-33.30832,0
                              25.73287,-33.3081,0
                              25.733,-33.30787,0
                              25.73312,-33.30763,0
                              25.73326,-33.30739,0
                              25.73339,-33.30714,0
                              25.73353,-33.30689,0
                              25.73366,-33.30665,0
                              25.73379,-33.3064,0
                              25.73393,-33.30616,0
                              25.73406,-33.30592,0
                              25.73418,-33.30569,0
                              25.7343,-33.30547,0
                              25.73442,-33.30525,0
                              25.73454,-33.30505,0
                              25.73465,-33.30485,0
                              25.73475,-33.30467,0
                              25.73484,-33.30451,0
                              25.73492,-33.30436,0
                              25.735,-33.30422,0
                              25.73506,-33.3041,0
                              25.73512,-33.304,0
                              25.73517,-33.30391,0
                              25.73521,-33.30385,0
                              25.73524,-33.3038,0
                              25.73525,-33.30377,0
                              25.73526,-33.30376,0
                              25.73526,-33.30376,0
                              25.73525,-33.30377,0
                              25.73524,-33.3038,0
                              25.73521,-33.30385,0
                              25.73519,-33.30391,0
                              25.73514,-33.304,0
                              25.73508,-33.3041,0
                              25.73502,-33.30422,0
                              25.73494,-33.30436,0
                              25.73486,-33.30451,0
                              25.73477,-33.30469,0
                              25.73467,-33.30487,0
                              25.73456,-33.30507,0
                              25.73446,-33.30527,0
                              25.73434,-33.30549,0
                              25.73422,-33.30571,0
                              25.7341,-33.30594,0
                              25.73397,-33.30618,0
                              25.73383,-33.30642,0
                              25.7337,-33.30667,0
                              25.73357,-33.30691,0
                              25.73343,-33.30716,0
                              25.7333,-33.30741,0
                              25.73316,-33.30765,0
                              25.73304,-33.30789,0
                              25.73291,-33.30812,0
                              25.73279,-33.30834,0
                              25.73267,-33.30856,0
                              25.73255,-33.30876,0
                              25.73244,-33.30896,0
                              25.73234,-33.30914,0
                              25.73225,-33.3093,0
                              25.73217,-33.30945,0
                              25.73209,-33.30959,0
                              25.73203,-33.30971,0
                              25.73197,-33.30981,0
                              25.73192,-33.3099,0
                              25.73188,-33.30996,0
                              25.73185,-33.31001,0
                              25.73184,-33.31004,0
                              25.73183,-33.31005,0
                          </coordinates>
                        </LinearRing>
                      </outerBoundaryIs>
                    </Polygon>
                </Placemark>
				<Placemark>
					<name>LoS</name>
					<styleUrl>#los_path_#ff0000</styleUrl>
					<LookAt>
						<longitude>25.73355</longitude>
						<latitude>-33.30691</latitude>
						<altitude>0</altitude>
						<altitudeMode>clampToGround</altitudeMode>
						<heading>-65.39680420943702</heading>
						<range>767.277082955537</range>
						<tilt>68</tilt>
					</LookAt>
					<LineString>
						<altitudeMode>relativeToGround</altitudeMode>
						<coordinates>
							25.73183,-33.31005,15.0
                            25.73526,-33.30376,10
						</coordinates>
					</LineString>
				</Placemark>
				<Placemark>
					<name>Ground</name>
					<styleUrl>#ground_path</styleUrl>
					<LookAt>
						<longitude>25.73355</longitude>
						<latitude>-33.30691</latitude>
						<altitude>0</altitude>
						<altitudeMode>clampToGround</altitudeMode>
						<heading>-65.39680420943702</heading>
						<range>767.277082955537</range>
						<tilt>68</tilt>
					</LookAt>
					<LineString>
						<altitudeMode>clampToGround</altitudeMode>
						<tessellate>1</tessellate>
						<coordinates>
							25.73183,-33.31005,0
								25.73513,-33.304,0
								25.73519,-33.30388,0
							 25.73526,-33.30376,0
						</coordinates>
					</LineString>
				</Placemark>
				<Placemark id="end_140349983685856">
					<name>Tower</name>
					<styleUrl>#antenna</styleUrl>
					<Point>
						<altitudeMode>relativeToGround</altitudeMode>
						<extrude>1</extrude>
						<coordinates>
							25.73183,-33.31005,15.0
						</coordinates>
					</Point>
					<LookAt>
						<longitude>25.73183</longitude>
						<latitude>-33.31005</latitude>
						<altitude>15.0</altitude>
						<altitudeMode>clampToGround</altitudeMode>
						<heading>20.603195790562985</heading>
						<range>176.72770829555373</range>
						<tilt>68</tilt>
					</LookAt>
				</Placemark>
                <Placemark>
                    <name>Hp2</name>
                    <styleUrl>#msn_triangle</styleUrl>
                    <LookAt>
                        <longitude>25.73513</longitude>
                        <latitude>-33.304</latitude>
                        <altitude>0</altitude>
                        <altitudeMode>clampToGround</altitudeMode>
                        <heading>294.603195790563</heading>
                        <range>500</range>
                        <tilt>68</tilt>
                    </LookAt>
                    <Point>
                        <coordinates>
                            25.73513,-33.304,562.5083110758042
                        </coordinates>
                    </Point>
                </Placemark><Placemark>
                    <name>Hp1</name>
                    <styleUrl>#msn_triangle</styleUrl>
                    <LookAt>
                        <longitude>25.73519</longitude>
                        <latitude>-33.30388</latitude>
                        <altitude>0</altitude>
                        <altitudeMode>clampToGround</altitudeMode>
                        <heading>294.603195790563</heading>
                        <range>500</range>
                        <tilt>68</tilt>
                    </LookAt>
                    <Point>
                        <coordinates>
                            25.73519,-33.30388,559.2901555384869
                        </coordinates>
                    </Point>
                </Placemark>
				<Placemark id="end_140349983211344">
					<name>7</name>
					<styleUrl>#antenna</styleUrl>
					<Point>
						<altitudeMode>relativeToGround</altitudeMode>
						<extrude>1</extrude>
						<coordinates>
							25.73526,-33.30376,10
						</coordinates>
					</Point>
					<LookAt>
						<longitude>25.73526</longitude>
						<latitude>-33.30376</latitude>
						<altitude>10</altitude>
						<altitudeMode>clampToGround</altitudeMode>
						<heading>200.60131229681292</heading>
						<range>176.72770829555373</range>
						<tilt>68</tilt>
					</LookAt>
				</Placemark>
			</Folder><Folder>
				<name>Tower : 000 to 8</name>
				<description></description>
				<LookAt>
					<longitude>25.73335</longitude>
					<latitude>-33.30691</latitude>
					<altitude>0</altitude>
					<altitudeMode>clampToGround</altitudeMode>
					<heading>-67.91082803459382</heading>
					<range>752.8810206618767</range>
					<tilt>68</tilt>
				</LookAt>
                <Placemark>
                    <name>Vertical Fresnel</name>
                    <styleUrl>#pvertical_fresnel</styleUrl>
                    <LookAt>
                        <longitude>25.73335</longitude>
                        <latitude>-33.30691</latitude>
                        <altitude>0</altitude>
                        <altitudeMode>clampToGround</altitudeMode>
                        <heading>-67.91082803459382</heading>
                        <range>752.8810206618767</range>
                        <tilt>68</tilt>
                    </LookAt>
                    <Polygon>
                        <extrude>0</extrude>
                        <altitudeMode>absolute</altitudeMode>
                        <outerBoundaryIs>
                            <LinearRing>
                            <coordinates>
                              25.73183,-33.31005,710.2323012218754
                              25.73183,-33.31004,709.8725925013375
                              25.73185,-33.31001,709.0894584061651
                              25.73187,-33.30996,707.8877272184745
                              25.7319,-33.3099,706.2748080106537
                              25.73195,-33.30981,704.260644965969
                              25.732,-33.30971,701.8576560693683
                              25.73205,-33.30959,699.0806565464741
                              25.73212,-33.30945,695.9467675227905
                              25.73219,-33.3093,692.4753104662731
                              25.73228,-33.30913,688.6876880640514
                              25.73236,-33.30895,684.6072522677475
                              25.73246,-33.30875,680.2591603209283
                              25.73256,-33.30855,675.6702196563333
                              25.73266,-33.30833,670.8687226191372
                              25.73277,-33.30811,665.8842720352341
                              25.73288,-33.30788,660.7475986999718
                              25.733,-33.30764,655.4903719125795
                              25.73311,-33.3074,650.1450042244065
                              25.73323,-33.30715,644.744451604766
                              25.73335,-33.3069,639.3220102564237
                              25.73347,-33.30666,633.9111113334369
                              25.73359,-33.30641,628.5451148269724
                              25.7337,-33.30617,623.2571038898673
                              25.73382,-33.30593,618.0796808679911
                              25.73393,-33.3057,613.0447662959415
                              25.73404,-33.30548,608.183402096334
                              25.73414,-33.30526,603.5255601960271
                              25.73424,-33.30506,599.0999577392255
                              25.73434,-33.30486,594.9338800367377
                              25.73442,-33.30468,591.0530123429611
                              25.73451,-33.30451,587.4812814977471
                              25.73458,-33.30436,584.2407084094775
                              25.73465,-33.30422,581.3512722888412
                              25.7347,-33.3041,578.8307874703574
                              25.73475,-33.304,576.6947935810779
                              25.7348,-33.30391,574.9564597336202
                              25.73483,-33.30385,573.6265033342088
                              25.73485,-33.3038,572.7131240063013
                              25.73487,-33.30377,572.2219530371835
                              25.73487,-33.30376,572.1559812300414
                              25.73487,-33.30376,572.156018779195
                              25.73487,-33.30377,572.5155818525136
                              25.73485,-33.3038,573.2986086275992
                              25.73483,-33.30385,574.5002340548308
                              25.7348,-33.30391,576.1130497138686
                              25.73475,-33.304,578.127112059859
                              25.7347,-33.3041,580.5300037286951
                              25.73465,-33.30422,583.306910094196
                              25.73458,-33.30436,586.4407106052035
                              25.73451,-33.30451,589.9120843394727
                              25.73442,-33.30468,593.6996291235831
                              25.73434,-33.30486,597.7799934844538
                              25.73424,-33.30506,602.1280206189416
                              25.73414,-33.30526,606.7169034938966
                              25.73404,-33.30548,611.518350120436
                              25.73393,-33.3057,616.5027579834644
                              25.73382,-33.30593,621.6393965510224
                              25.7337,-33.30617,626.8965967382353
                              25.73359,-33.30641,632.2419461577524
                              25.73347,-33.30666,637.6424889528936
                              25.73335,-33.3069,643.0649289814639
                              25.73323,-33.30715,648.4758350975428
                              25.73311,-33.3074,653.8418472656161
                              25.733,-33.30764,659.1298822362872
                              25.73288,-33.30788,664.3073375155122
                              25.73277,-33.30811,669.3422923698158
                              25.73266,-33.30833,674.2037046282288
                              25.73256,-33.30855,678.8616020675947
                              25.73246,-33.30875,683.2872672012917
                              25.73236,-33.30895,687.4534143320873
                              25.73228,-33.30913,691.3343577775358
                              25.73219,-33.3093,694.9061702307514
                              25.73212,-33.30945,698.1468302802119
                              25.73205,-33.30959,701.0363581790834
                              25.732,-33.30971,703.556939027004
                              25.73195,-33.30981,705.693032604868
                              25.7319,-33.3099,707.4314691854445
                              25.73187,-33.30996,708.7615307291258
                              25.73185,-33.31001,709.6750169642045
                              25.73183,-33.31004,710.1662959442763
                              25.73183,-33.31005,710.2323387710632
                            </coordinates>
                            </LinearRing>
                        </outerBoundaryIs>
                    </Polygon>
                </Placemark>
                <Placemark>
                    <name>Ground Fresnel</name>
                    <styleUrl>#ground_fresnel</styleUrl>
                    <LookAt>
                        <longitude>25.73335</longitude>
                        <latitude>-33.30691</latitude>
                        <altitude>0</altitude>
                        <altitudeMode>clampToGround</altitudeMode>
                        <heading>-67.91082803459382</heading>
                        <range>752.8810206618767</range>
                        <tilt>68</tilt>
                    </LookAt>
                    <visibility>1</visibility>
                    <Polygon>
                      <extrude>0</extrude>
                      <tessellate>1</tessellate>
                      <altitudeMode>clampToGround </altitudeMode>
                      <outerBoundaryIs>
                        <LinearRing>
                          <coordinates>
                              25.73183,-33.31005,0
                              25.73183,-33.31004,0
                              25.73185,-33.31001,0
                              25.73187,-33.30996,0
                              25.73189,-33.3099,0
                              25.73194,-33.30981,0
                              25.73199,-33.30971,0
                              25.73204,-33.30959,0
                              25.73211,-33.30945,0
                              25.73218,-33.3093,0
                              25.73227,-33.30913,0
                              25.73235,-33.30895,0
                              25.73244,-33.30874,0
                              25.73254,-33.30854,0
                              25.73264,-33.30832,0
                              25.73275,-33.3081,0
                              25.73286,-33.30787,0
                              25.73298,-33.30763,0
                              25.73309,-33.30739,0
                              25.73321,-33.30714,0
                              25.73333,-33.30689,0
                              25.73345,-33.30665,0
                              25.73357,-33.3064,0
                              25.73368,-33.30616,0
                              25.7338,-33.30592,0
                              25.73391,-33.30569,0
                              25.73402,-33.30547,0
                              25.73412,-33.30525,0
                              25.73422,-33.30505,0
                              25.73433,-33.30486,0
                              25.73441,-33.30468,0
                              25.7345,-33.30451,0
                              25.73457,-33.30436,0
                              25.73464,-33.30422,0
                              25.73469,-33.3041,0
                              25.73474,-33.304,0
                              25.73479,-33.30391,0
                              25.73483,-33.30385,0
                              25.73485,-33.3038,0
                              25.73487,-33.30377,0
                              25.73487,-33.30376,0
                              25.73487,-33.30376,0
                              25.73487,-33.30377,0
                              25.73485,-33.3038,0
                              25.73483,-33.30385,0
                              25.73481,-33.30391,0
                              25.73476,-33.304,0
                              25.73471,-33.3041,0
                              25.73466,-33.30422,0
                              25.73459,-33.30436,0
                              25.73452,-33.30451,0
                              25.73443,-33.30468,0
                              25.73435,-33.30486,0
                              25.73426,-33.30507,0
                              25.73416,-33.30527,0
                              25.73406,-33.30549,0
                              25.73395,-33.30571,0
                              25.73384,-33.30594,0
                              25.73372,-33.30618,0
                              25.73361,-33.30642,0
                              25.73349,-33.30667,0
                              25.73337,-33.30691,0
                              25.73325,-33.30716,0
                              25.73313,-33.30741,0
                              25.73302,-33.30765,0
                              25.7329,-33.30789,0
                              25.73279,-33.30812,0
                              25.73268,-33.30834,0
                              25.73258,-33.30856,0
                              25.73248,-33.30876,0
                              25.73237,-33.30895,0
                              25.73229,-33.30913,0
                              25.7322,-33.3093,0
                              25.73213,-33.30945,0
                              25.73206,-33.30959,0
                              25.73201,-33.30971,0
                              25.73196,-33.30981,0
                              25.73191,-33.3099,0
                              25.73187,-33.30996,0
                              25.73185,-33.31001,0
                              25.73183,-33.31004,0
                              25.73183,-33.31005,0
                          </coordinates>
                        </LinearRing>
                      </outerBoundaryIs>
                    </Polygon>
                </Placemark>
				<Placemark>
					<name>LoS</name>
					<styleUrl>#los_path_#ff0000</styleUrl>
					<LookAt>
						<longitude>25.73335</longitude>
						<latitude>-33.30691</latitude>
						<altitude>0</altitude>
						<altitudeMode>clampToGround</altitudeMode>
						<heading>-67.91082803459382</heading>
						<range>752.8810206618767</range>
						<tilt>68</tilt>
					</LookAt>
					<LineString>
						<altitudeMode>relativeToGround</altitudeMode>
						<coordinates>
							25.73183,-33.31005,15.0
                            25.73487,-33.30376,10
						</coordinates>
					</LineString>
				</Placemark>
				<Placemark>
					<name>Ground</name>
					<styleUrl>#ground_path</styleUrl>
					<LookAt>
						<longitude>25.73335</longitude>
						<latitude>-33.30691</latitude>
						<altitude>0</altitude>
						<altitudeMode>clampToGround</altitudeMode>
						<heading>-67.91082803459382</heading>
						<range>752.8810206618767</range>
						<tilt>68</tilt>
					</LookAt>
					<LineString>
						<altitudeMode>clampToGround</altitudeMode>
						<tessellate>1</tessellate>
						<coordinates>
							25.73183,-33.31005,0
								25.73475,-33.304,0
								25.73481,-33.30388,0
							 25.73487,-33.30376,0
						</coordinates>
					</LineString>
				</Placemark>
				<Placemark id="end_140349983685856">
					<name>Tower</name>
					<styleUrl>#antenna</styleUrl>
					<Point>
						<altitudeMode>relativeToGround</altitudeMode>
						<extrude>1</extrude>
						<coordinates>
							25.73183,-33.31005,15.0
						</coordinates>
					</Point>
					<LookAt>
						<longitude>25.73183</longitude>
						<latitude>-33.31005</latitude>
						<altitude>15.0</altitude>
						<altitudeMode>clampToGround</altitudeMode>
						<heading>18.089171965406177</heading>
						<range>175.28810206618766</range>
						<tilt>68</tilt>
					</LookAt>
				</Placemark>
                <Placemark>
                    <name>Hp2</name>
                    <styleUrl>#msn_triangle</styleUrl>
                    <LookAt>
                        <longitude>25.73475</longitude>
                        <latitude>-33.304</latitude>
                        <altitude>0</altitude>
                        <altitudeMode>clampToGround</altitudeMode>
                        <heading>292.0891719654062</heading>
                        <range>500</range>
                        <tilt>68</tilt>
                    </LookAt>
                    <Point>
                        <coordinates>
                            25.73475,-33.304,567.4805389677977
                        </coordinates>
                    </Point>
                </Placemark><Placemark>
                    <name>Hp1</name>
                    <styleUrl>#msn_triangle</styleUrl>
                    <LookAt>
                        <longitude>25.73481</longitude>
                        <latitude>-33.30388</latitude>
                        <altitude>0</altitude>
                        <altitudeMode>clampToGround</altitudeMode>
                        <heading>292.0891719654062</heading>
                        <range>500</range>
                        <tilt>68</tilt>
                    </LookAt>
                    <Point>
                        <coordinates>
                            25.73481,-33.30388,564.818269484482
                        </coordinates>
                    </Point>
                </Placemark>
				<Placemark id="end_140349974789392">
					<name>8</name>
					<styleUrl>#antenna</styleUrl>
					<Point>
						<altitudeMode>relativeToGround</altitudeMode>
						<extrude>1</extrude>
						<coordinates>
							25.73487,-33.30376,10
						</coordinates>
					</Point>
					<LookAt>
						<longitude>25.73487</longitude>
						<latitude>-33.30376</latitude>
						<altitude>10</altitude>
						<altitudeMode>clampToGround</altitudeMode>
						<heading>198.08750262983767</heading>
						<range>175.28810206618766</range>
						<tilt>68</tilt>
					</LookAt>
				</Placemark>
			</Folder><Folder>
				<name>Tower : 000 to 11</name>
				<description></description>
				<LookAt>
					<longitude>25.73404</longitude>
					<latitude>-33.30672</latitude>
					<altitude>0</altitude>
					<altitudeMode>clampToGround</altitudeMode>
					<heading>-60.96111986296103</heading>
					<range>846.12667939635</range>
					<tilt>68</tilt>
				</LookAt>
                <Placemark>
                    <name>Vertical Fresnel</name>
                    <styleUrl>#pvertical_fresnel</styleUrl>
                    <LookAt>
                        <longitude>25.73404</longitude>
                        <latitude>-33.30672</latitude>
                        <altitude>0</altitude>
                        <altitudeMode>clampToGround</altitudeMode>
                        <heading>-60.96111986296103</heading>
                        <range>846.12667939635</range>
                        <tilt>68</tilt>
                    </LookAt>
                    <Polygon>
                        <extrude>0</extrude>
                        <altitudeMode>absolute</altitudeMode>
                        <outerBoundaryIs>
                            <LinearRing>
                            <coordinates>
                              25.73183,-33.31005,710.2323000964202
                              25.73184,-33.31004,709.8417419551436
                              25.73186,-33.31001,708.9839158381503
                              25.73189,-33.30996,707.6641105287089
                              25.73194,-33.30989,705.8904630654315
                              25.732,-33.3098,703.6739085747272
                              25.73207,-33.30969,701.0281128521101
                              25.73215,-33.30956,697.9693881080266
                              25.73225,-33.30941,694.5165923976532
                              25.73236,-33.30925,690.6910133547153
                              25.73248,-33.30907,686.5162369461468
                              25.7326,-33.30888,682.0180020567608
                              25.73274,-33.30868,677.2240418004649
                              25.73288,-33.30846,672.1639125363928
                              25.73303,-33.30823,666.8688116441213
                              25.73319,-33.30799,661.3713851814509
                              25.73335,-33.30775,655.7055266106039
                              25.73352,-33.30749,649.9061678337587
                              25.73369,-33.30724,644.0090638262569
                              25.73386,-33.30698,638.050572195291
                              25.73404,-33.30671,632.0674290231653
                              25.73421,-33.30645,626.096522377133
                              25.73438,-33.30619,620.1746648821951
                              25.73455,-33.30594,614.3383667590248
                              25.73472,-33.30568,608.6236107263179
                              25.73488,-33.30544,603.0656301553652
                              25.73504,-33.3052,597.6986918446026
                              25.73519,-33.30497,592.5558847534041
                              25.73533,-33.30475,587.6689159976438
                              25.73547,-33.30455,583.0679153647831
                              25.73559,-33.30436,578.7812495537114
                              25.73571,-33.30418,574.8353472846151
                              25.73582,-33.30402,571.2545363571287
                              25.73592,-33.30387,568.060893661361
                              25.736,-33.30374,565.2741090665248
                              25.73607,-33.30363,562.9113640263475
                              25.73613,-33.30354,560.9872256496943
                              25.73618,-33.30347,559.5135568894982
                              25.73621,-33.30342,558.4994434037102
                              25.73623,-33.30339,557.9511375391972
                              25.73624,-33.30338,557.8719801045739
                              25.73624,-33.30338,557.8720199039323
                              25.73623,-33.30339,558.2624189476284
                              25.73621,-33.30342,559.1201266273002
                              25.73618,-33.30347,560.4398152105152
                              25.73613,-33.30354,562.2133483783172
                              25.73607,-33.30363,564.4297917089667
                              25.736,-33.30374,567.0754800922886
                              25.73592,-33.30387,570.1341019796184
                              25.73582,-33.30402,573.5867999499262
                              25.73571,-33.30418,577.4122869720862
                              25.73559,-33.30436,581.5869776465036
                              25.73547,-33.30455,586.0851336169447
                              25.73533,-33.30475,590.8790222560633
                              25.73519,-33.30497,595.9390876462694
                              25.73504,-33.3052,601.23413280179
                              25.73488,-33.30544,606.73151200846
                              25.73472,-33.30568,612.3973320954063
                              25.73455,-33.30594,618.1966613977164
                              25.73438,-33.30619,624.0937451217691
                              25.73421,-33.30645,630.052225785426
                              25.73404,-33.30671,636.035367374
                              25.73386,-33.30698,642.0062818300008
                              25.73369,-33.30724,647.9281564802769
                              25.73352,-33.30749,653.764480998386
                              25.73335,-33.30775,659.4792725028993
                              25.73319,-33.30799,665.0372974038303
                              25.73303,-33.30823,670.404288629434
                              25.73288,-33.30846,675.5471568940987
                              25.73274,-33.30868,680.4341947047958
                              25.7326,-33.30888,685.0352718483172
                              25.73248,-33.30907,689.3220211540597
                              25.73236,-33.30925,693.2680133870647
                              25.73225,-33.30941,696.8489201930398
                              25.73215,-33.30956,700.0426640907542
                              25.73207,-33.30969,702.8295545870508
                              25.732,-33.3098,705.1924095752847
                              25.73194,-33.30989,707.1166612687246
                              25.73189,-33.30996,708.5904460158016
                              25.73186,-33.31001,709.6046774434669
                              25.73184,-33.31004,710.1531024777028
                              25.73183,-33.31005,710.2323398958042
                            </coordinates>
                            </LinearRing>
                        </outerBoundaryIs>
                    </Polygon>
                </Placemark>
                <Placemark>
                    <name>Ground Fresnel</name>
                    <styleUrl>#ground_fresnel</styleUrl>
                    <LookAt>
                        <longitude>25.73404</longitude>
                        <latitude>-33.30672</latitude>
                        <altitude>0</altitude>
                        <altitudeMode>clampToGround</altitudeMode>
                        <heading>-60.96111986296103</heading>
                        <range>846.12667939635</range>
                        <tilt>68</tilt>
                    </LookAt>
                    <visibility>1</visibility>
                    <Polygon>
                      <extrude>0</extrude>
                      <tessellate>1</tessellate>
                      <altitudeMode>clampToGround </altitudeMode>
                      <outerBoundaryIs>
                        <LinearRing>
                          <coordinates>
                              25.73183,-33.31005,0
                              25.73184,-33.31004,0
                              25.73186,-33.31001,0
                              25.73189,-33.30996,0
                              25.73193,-33.30989,0
                              25.73199,-33.3098,0
                              25.73206,-33.30969,0
                              25.73214,-33.30956,0
                              25.73224,-33.3094,0
                              25.73235,-33.30924,0
                              25.73247,-33.30906,0
                              25.73259,-33.30887,0
                              25.73272,-33.30867,0
                              25.73286,-33.30845,0
                              25.73301,-33.30822,0
                              25.73317,-33.30798,0
                              25.73333,-33.30774,0
                              25.7335,-33.30748,0
                              25.73367,-33.30723,0
                              25.73384,-33.30697,0
                              25.73402,-33.3067,0
                              25.73419,-33.30644,0
                              25.73436,-33.30618,0
                              25.73453,-33.30593,0
                              25.7347,-33.30567,0
                              25.73486,-33.30543,0
                              25.73502,-33.30519,0
                              25.73517,-33.30496,0
                              25.73531,-33.30474,0
                              25.73546,-33.30454,0
                              25.73558,-33.30435,0
                              25.7357,-33.30417,0
                              25.73581,-33.30401,0
                              25.73591,-33.30387,0
                              25.73599,-33.30374,0
                              25.73606,-33.30363,0
                              25.73612,-33.30354,0
                              25.73618,-33.30347,0
                              25.73621,-33.30342,0
                              25.73623,-33.30339,0
                              25.73624,-33.30338,0
                              25.73624,-33.30338,0
                              25.73623,-33.30339,0
                              25.73621,-33.30342,0
                              25.73618,-33.30347,0
                              25.73614,-33.30354,0
                              25.73608,-33.30363,0
                              25.73601,-33.30374,0
                              25.73593,-33.30387,0
                              25.73583,-33.30403,0
                              25.73572,-33.30419,0
                              25.7356,-33.30437,0
                              25.73548,-33.30456,0
                              25.73535,-33.30476,0
                              25.73521,-33.30498,0
                              25.73506,-33.30521,0
                              25.7349,-33.30545,0
                              25.73474,-33.30569,0
                              25.73457,-33.30595,0
                              25.7344,-33.3062,0
                              25.73423,-33.30646,0
                              25.73406,-33.30672,0
                              25.73388,-33.30699,0
                              25.73371,-33.30725,0
                              25.73354,-33.3075,0
                              25.73337,-33.30776,0
                              25.73321,-33.308,0
                              25.73305,-33.30824,0
                              25.7329,-33.30847,0
                              25.73276,-33.30869,0
                              25.73261,-33.30889,0
                              25.73249,-33.30908,0
                              25.73237,-33.30926,0
                              25.73226,-33.30942,0
                              25.73216,-33.30956,0
                              25.73208,-33.30969,0
                              25.73201,-33.3098,0
                              25.73195,-33.30989,0
                              25.73189,-33.30996,0
                              25.73186,-33.31001,0
                              25.73184,-33.31004,0
                              25.73183,-33.31005,0
                          </coordinates>
                        </LinearRing>
                      </outerBoundaryIs>
                    </Polygon>
                </Placemark>
				<Placemark>
					<name>LoS</name>
					<styleUrl>#los_path_#ff0000</styleUrl>
					<LookAt>
						<longitude>25.73404</longitude>
						<latitude>-33.30672</latitude>
						<altitude>0</altitude>
						<altitudeMode>clampToGround</altitudeMode>
						<heading>-60.96111986296103</heading>
						<range>846.12667939635</range>
						<tilt>68</tilt>
					</LookAt>
					<LineString>
						<altitudeMode>relativeToGround</altitudeMode>
						<coordinates>
							25.73183,-33.31005,15.0
                            25.73624,-33.30338,10
						</coordinates>
					</LineString>
				</Placemark>
				<Placemark>
					<name>Ground</name>
					<styleUrl>#ground_path</styleUrl>
					<LookAt>
						<longitude>25.73404</longitude>
						<latitude>-33.30672</latitude>
						<altitude>0</altitude>
						<altitudeMode>clampToGround</altitudeMode>
						<heading>-60.96111986296103</heading>
						<range>846.12667939635</range>
						<tilt>68</tilt>
					</LookAt>
					<LineString>
						<altitudeMode>clampToGround</altitudeMode>
						<tessellate>1</tessellate>
						<coordinates>
							25.73183,-33.31005,0
								25.73616,-33.3035,0
							 25.73624,-33.30338,0
						</coordinates>
					</LineString>
				</Placemark>
				<Placemark id="end_140349983685856">
					<name>Tower</name>
					<styleUrl>#antenna</styleUrl>
					<Point>
						<altitudeMode>relativeToGround</altitudeMode>
						<extrude>1</extrude>
						<coordinates>
							25.73183,-33.31005,15.0
						</coordinates>
					</Point>
					<LookAt>
						<longitude>25.73183</longitude>
						<latitude>-33.31005</latitude>
						<altitude>15.0</altitude>
						<altitudeMode>clampToGround</altitudeMode>
						<heading>25.038880137038976</heading>
						<range>184.612667939635</range>
						<tilt>68</tilt>
					</LookAt>
				</Placemark>
                <Placemark>
                    <name>Hp1</name>
                    <styleUrl>#msn_triangle</styleUrl>
                    <LookAt>
                        <longitude>25.73616</longitude>
                        <latitude>-33.3035</latitude>
                        <altitude>0</altitude>
                        <altitudeMode>clampToGround</altitudeMode>
                        <heading>299.038880137039</heading>
                        <range>500</range>
                        <tilt>68</tilt>
                    </LookAt>
                    <Point>
                        <coordinates>
                            25.73616,-33.3035,548.9318434018293
                        </coordinates>
                    </Point>
                </Placemark>
				<Placemark id="end_140349974779072">
					<name>11</name>
					<styleUrl>#antenna</styleUrl>
					<Point>
						<altitudeMode>relativeToGround</altitudeMode>
						<extrude>1</extrude>
						<coordinates>
							25.73624,-33.30338,10
						</coordinates>
					</Point>
					<LookAt>
						<longitude>25.73624</longitude>
						<latitude>-33.30338</latitude>
						<altitude>10</altitude>
						<altitudeMode>clampToGround</altitudeMode>
						<heading>205.03645851443864</heading>
						<range>184.612667939635</range>
						<tilt>68</tilt>
					</LookAt>
				</Placemark>
			</Folder><Folder>
				<name>Tower : 000 to Boma</name>
				<description></description>
				<LookAt>
					<longitude>25.73308</longitude>
					<latitude>-33.30595</latitude>
					<altitude>0</altitude>
					<altitudeMode>clampToGround</altitudeMode>
					<heading>-75.69498133437816</heading>
					<range>938.5594103855094</range>
					<tilt>68</tilt>
				</LookAt>
                <Placemark>
                    <name>Vertical Fresnel</name>
                    <styleUrl>#pvertical_fresnel</styleUrl>
                    <LookAt>
                        <longitude>25.73308</longitude>
                        <latitude>-33.30595</latitude>
                        <altitude>0</altitude>
                        <altitudeMode>clampToGround</altitudeMode>
                        <heading>-75.69498133437816</heading>
                        <range>938.5594103855094</range>
                        <tilt>68</tilt>
                    </LookAt>
                    <Polygon>
                        <extrude>0</extrude>
                        <altitudeMode>absolute</altitudeMode>
                        <outerBoundaryIs>
                            <LinearRing>
                            <coordinates>
                              25.73183,-33.31005,710.2322990408293
                              25.73183,-33.31004,709.8330400293052
                              25.73185,-33.31,708.9657291935575
                              25.73186,-33.30994,707.6357137932999
                              25.73189,-33.30985,705.8511938157498
                              25.73192,-33.30974,703.6231714199819
                              25.73197,-33.3096,700.9653831049586
                              25.73201,-33.30945,697.8942150194466
                              25.73207,-33.30927,694.42860193596
                              25.73213,-33.30907,690.5899105115916
                              25.73219,-33.30885,686.4018075554674
                              25.73227,-33.30861,681.8901141149972
                              25.73234,-33.30836,677.0826462805319
                              25.73242,-33.30809,672.0090436899162
                              25.73251,-33.30781,666.7005867902654
                              25.7326,-33.30752,661.190003983607
                              25.73269,-33.30722,655.5112698453984
                              25.73278,-33.30691,649.6993956599728
                              25.73288,-33.30659,643.7902135643272
                              25.73298,-33.30627,637.8201556310843
                              25.73308,-33.30595,631.8260292526477
                              25.73317,-33.30563,625.84479021139
                              25.73327,-33.30531,619.9133148349644
                              25.73337,-33.30499,614.0681726414821
                              25.73346,-33.30468,608.345400876273
                              25.73355,-33.30438,602.7802823302844
                              25.73364,-33.30409,597.407127809942
                              25.73373,-33.30381,592.259064599619
                              25.73381,-33.30354,587.3678322209116
                              25.73388,-33.30329,582.7635867479345
                              25.73396,-33.30305,578.4747148850954
                              25.73402,-33.30283,574.5276589536235
                              25.73408,-33.30263,570.9467538658655
                              25.73414,-33.30245,567.7540770924594
                              25.73418,-33.3023,564.9693125473856
                              25.73423,-33.30216,562.6096292300931
                              25.73426,-33.30205,560.6895753729071
                              25.73429,-33.30196,559.2209887463399
                              25.7343,-33.3019,558.2129236752991
                              25.73432,-33.30186,557.6715952161629
                              25.73432,-33.30185,557.6002990483616
                              25.73432,-33.30185,557.600340958872
                              25.73432,-33.30186,557.9994385550059
                              25.7343,-33.3019,558.8666307610725
                              25.73429,-33.30196,560.1965292582203
                              25.73426,-33.30205,561.9809347799782
                              25.73423,-33.30216,564.2088458729295
                              25.73418,-33.3023,566.8665267243308
                              25.73414,-33.30245,569.9375918479644
                              25.73408,-33.30263,573.4031071061104
                              25.73402,-33.30283,577.2417064448015
                              25.73396,-33.30305,581.429723622651
                              25.73388,-33.30329,585.9413381211001
                              25.73381,-33.30354,590.7487343365021
                              25.73373,-33.30381,595.8222730725677
                              25.73364,-33.30409,601.1306742758659
                              25.73355,-33.30438,606.641209887756
                              25.73346,-33.30468,612.3199056237517
                              25.73337,-33.30499,618.1317504362823
                              25.73327,-33.30531,624.0409123694445
                              25.73317,-33.30563,630.0109594749243
                              25.73308,-33.30595,636.0050844270745
                              25.73298,-33.30627,641.9863314523162
                              25.73288,-33.30659,647.9178241737724
                              25.73278,-33.30691,653.7629929663937
                              25.73269,-33.30722,659.4858004208577
                              25.7326,-33.30752,665.0509635261811
                              25.73251,-33.30781,670.4241712012152
                              25.73242,-33.30809,675.5722958338703
                              25.73234,-33.30836,680.4635975238612
                              25.73227,-33.30861,685.0679197697459
                              25.73219,-33.30885,689.3568753937863
                              25.73213,-33.30907,693.3040215583376
                              25.73207,-33.30927,696.8850227947361
                              25.73201,-33.30945,700.0778010395554
                              25.73197,-33.3096,702.8626717532102
                              25.73192,-33.30974,705.2224652816869
                              25.73189,-33.30985,707.1426327131716
                              25.73186,-33.30994,708.6113355769288
                              25.73185,-33.31,709.61951883141
                              25.73183,-33.31004,710.1609666915966
                              25.73183,-33.31005,710.2323409513815
                            </coordinates>
                            </LinearRing>
                        </outerBoundaryIs>
                    </Polygon>
                </Placemark>
                <Placemark>
                    <name>Ground Fresnel</name>
                    <styleUrl>#ground_fresnel</styleUrl>
                    <LookAt>
                        <longitude>25.73308</longitude>
                        <latitude>-33.30595</latitude>
                        <altitude>0</altitude>
                        <altitudeMode>clampToGround</altitudeMode>
                        <heading>-75.69498133437816</heading>
                        <range>938.5594103855094</range>
                        <tilt>68</tilt>
                    </LookAt>
                    <visibility>1</visibility>
                    <Polygon>
                      <extrude>0</extrude>
                      <tessellate>1</tessellate>
                      <altitudeMode>clampToGround </altitudeMode>
                      <outerBoundaryIs>
                        <LinearRing>
                          <coordinates>
                              25.73183,-33.31005,0
                              25.73183,-33.31004,0
                              25.73185,-33.31,0
                              25.73185,-33.30994,0
                              25.73188,-33.30985,0
                              25.73191,-33.30974,0
                              25.73196,-33.3096,0
                              25.732,-33.30945,0
                              25.73206,-33.30927,0
                              25.73212,-33.30907,0
                              25.73217,-33.30885,0
                              25.73225,-33.30861,0
                              25.73232,-33.30836,0
                              25.7324,-33.30809,0
                              25.73249,-33.30781,0
                              25.73258,-33.30752,0
                              25.73267,-33.30722,0
                              25.73276,-33.30691,0
                              25.73286,-33.30659,0
                              25.73296,-33.30627,0
                              25.73306,-33.30595,0
                              25.73315,-33.30563,0
                              25.73325,-33.30531,0
                              25.73335,-33.30499,0
                              25.73344,-33.30468,0
                              25.73353,-33.30438,0
                              25.73362,-33.30409,0
                              25.73371,-33.30381,0
                              25.73379,-33.30354,0
                              25.73386,-33.30329,0
                              25.73394,-33.30305,0
                              25.73401,-33.30283,0
                              25.73407,-33.30263,0
                              25.73413,-33.30245,0
                              25.73417,-33.3023,0
                              25.73422,-33.30216,0
                              25.73425,-33.30205,0
                              25.73428,-33.30196,0
                              25.7343,-33.3019,0
                              25.73432,-33.30186,0
                              25.73432,-33.30185,0
                              25.73432,-33.30185,0
                              25.73432,-33.30186,0
                              25.7343,-33.3019,0
                              25.7343,-33.30196,0
                              25.73427,-33.30205,0
                              25.73424,-33.30216,0
                              25.73419,-33.3023,0
                              25.73415,-33.30245,0
                              25.73409,-33.30263,0
                              25.73403,-33.30283,0
                              25.73398,-33.30305,0
                              25.7339,-33.30329,0
                              25.73383,-33.30354,0
                              25.73375,-33.30381,0
                              25.73366,-33.30409,0
                              25.73357,-33.30438,0
                              25.73348,-33.30468,0
                              25.73339,-33.30499,0
                              25.73329,-33.30531,0
                              25.73319,-33.30563,0
                              25.7331,-33.30595,0
                              25.733,-33.30627,0
                              25.7329,-33.30659,0
                              25.7328,-33.30691,0
                              25.73271,-33.30722,0
                              25.73262,-33.30752,0
                              25.73253,-33.30781,0
                              25.73244,-33.30809,0
                              25.73236,-33.30836,0
                              25.73229,-33.30861,0
                              25.73221,-33.30885,0
                              25.73214,-33.30907,0
                              25.73208,-33.30927,0
                              25.73202,-33.30945,0
                              25.73198,-33.3096,0
                              25.73193,-33.30974,0
                              25.7319,-33.30985,0
                              25.73187,-33.30994,0
                              25.73185,-33.31,0
                              25.73183,-33.31004,0
                              25.73183,-33.31005,0
                          </coordinates>
                        </LinearRing>
                      </outerBoundaryIs>
                    </Polygon>
                </Placemark>
				<Placemark>
					<name>LoS</name>
					<styleUrl>#los_path_#ff0000</styleUrl>
					<LookAt>
						<longitude>25.73308</longitude>
						<latitude>-33.30595</latitude>
						<altitude>0</altitude>
						<altitudeMode>clampToGround</altitudeMode>
						<heading>-75.69498133437816</heading>
						<range>938.5594103855094</range>
						<tilt>68</tilt>
					</LookAt>
					<LineString>
						<altitudeMode>relativeToGround</altitudeMode>
						<coordinates>
							25.73183,-33.31005,15.0
                            25.73432,-33.30185,10
						</coordinates>
					</LineString>
				</Placemark>
				<Placemark>
					<name>Ground</name>
					<styleUrl>#ground_path</styleUrl>
					<LookAt>
						<longitude>25.73308</longitude>
						<latitude>-33.30595</latitude>
						<altitude>0</altitude>
						<altitudeMode>clampToGround</altitudeMode>
						<heading>-75.69498133437816</heading>
						<range>938.5594103855094</range>
						<tilt>68</tilt>
					</LookAt>
					<LineString>
						<altitudeMode>clampToGround</altitudeMode>
						<tessellate>1</tessellate>
						<coordinates>
							25.73183,-33.31005,0
								25.73428,-33.30198,0
							 25.73432,-33.30185,0
						</coordinates>
					</LineString>
				</Placemark>
				<Placemark id="end_140349983685856">
					<name>Tower</name>
					<styleUrl>#antenna</styleUrl>
					<Point>
						<altitudeMode>relativeToGround</altitudeMode>
						<extrude>1</extrude>
						<coordinates>
							25.73183,-33.31005,15.0
						</coordinates>
					</Point>
					<LookAt>
						<longitude>25.73183</longitude>
						<latitude>-33.31005</latitude>
						<altitude>15.0</altitude>
						<altitudeMode>clampToGround</altitudeMode>
						<heading>10.305018665621843</heading>
						<range>193.85594103855095</range>
						<tilt>68</tilt>
					</LookAt>
				</Placemark>
                <Placemark>
                    <name>Hp1</name>
                    <styleUrl>#msn_triangle</styleUrl>
                    <LookAt>
                        <longitude>25.73428</longitude>
                        <latitude>-33.30198</latitude>
                        <altitude>0</altitude>
                        <altitudeMode>clampToGround</altitudeMode>
                        <heading>284.30501866562184</heading>
                        <range>500</range>
                        <tilt>68</tilt>
                    </LookAt>
                    <Point>
                        <coordinates>
                            25.73428,-33.30198,547.5850183616653
                        </coordinates>
                    </Point>
                </Placemark>
				<Placemark id="end_140349981761008">
					<name>Boma</name>
					<styleUrl>#antenna</styleUrl>
					<Point>
						<altitudeMode>relativeToGround</altitudeMode>
						<extrude>1</extrude>
						<coordinates>
							25.73432,-33.30185,10
						</coordinates>
					</Point>
					<LookAt>
						<longitude>25.73432</longitude>
						<latitude>-33.30185</latitude>
						<altitude>10</altitude>
						<altitudeMode>clampToGround</altitudeMode>
						<heading>190.30365138268616</heading>
						<range>193.85594103855095</range>
						<tilt>68</tilt>
					</LookAt>
				</Placemark>
			</Folder><Folder>
				<name>Tower : 000 to Directors House</name>
				<description></description>
				<LookAt>
					<longitude>25.72194</longitude>
					<latitude>-33.30338</latitude>
					<altitude>0</altitude>
					<altitudeMode>clampToGround</altitudeMode>
					<heading>218.77865231560264</heading>
					<range>2362.0174849023165</range>
					<tilt>68</tilt>
				</LookAt>
                <Placemark>
                    <name>Vertical Fresnel</name>
                    <styleUrl>#pvertical_fresnel</styleUrl>
                    <LookAt>
                        <longitude>25.72194</longitude>
                        <latitude>-33.30338</latitude>
                        <altitude>0</altitude>
                        <altitudeMode>clampToGround</altitudeMode>
                        <heading>218.77865231560264</heading>
                        <range>2362.0174849023165</range>
                        <tilt>68</tilt>
                    </LookAt>
                    <Polygon>
                        <extrude>0</extrude>
                        <altitudeMode>absolute</altitudeMode>
                        <outerBoundaryIs>
                            <LinearRing>
                            <coordinates>
                              25.73183,-33.31005,710.232286790414
                              25.7318,-33.31003,709.8861145949998
                              25.73171,-33.30997,709.3699302312772
                              25.73156,-33.30987,708.686916147499
                              25.73135,-33.30972,707.8412833526168
                              25.73108,-33.30954,706.8382454540123
                              25.73075,-33.30932,705.6839865138745
                              25.73037,-33.30907,704.3856229223995
                              25.72994,-33.30878,702.9511595228785
                              25.72946,-33.30845,701.3894402591767
                              25.72893,-33.3081,699.7100936498795
                              25.72836,-33.30771,697.9234734252723
                              25.72775,-33.3073,696.0405946931517
                              25.72711,-33.30687,694.0730660270216
                              25.72643,-33.30641,692.0330178953786
                              25.72573,-33.30593,689.933027873339
                              25.725,-33.30544,687.7860430977063
                              25.72425,-33.30494,685.6053004435671
                              25.72349,-33.30442,683.4042449145547
                              25.72272,-33.3039,681.1964467499307
                              25.72194,-33.30338,678.9955177595475
                              25.72117,-33.30286,676.8150274025139
                              25.7204,-33.30234,674.6684191269675
                              25.71964,-33.30182,672.5689274867468
                              25.71889,-33.30132,670.5294965459657
                              25.71816,-33.30083,668.5627000745535
                              25.71746,-33.30035,666.6806640267829
                              25.71678,-33.2999,664.8949917807288
                              25.71613,-33.29946,663.2166925995843
                              25.71552,-33.29905,661.6561137558923
                              25.71495,-33.29866,660.2228767371695
                              25.71443,-33.29831,658.9258179262358
                              25.71395,-33.29798,657.7729341219765
                              25.71352,-33.29769,656.7713332364175
                              25.71314,-33.29744,655.9271904720845
                              25.71281,-33.29722,655.2457102498255
                              25.71254,-33.29704,654.7310941218259
                              25.71233,-33.29689,654.3865148676422
                              25.71218,-33.29679,654.2140969329603
                              25.71209,-33.29673,654.2149033316826
                              25.71206,-33.29671,654.38886279591
                              25.71206,-33.29671,654.3889292120566
                              25.71209,-33.29673,654.734991501413
                              25.71218,-33.29679,655.2511329328668
                              25.71233,-33.29689,655.9341050266756
                              25.71254,-33.29704,656.77969703277
                              25.71281,-33.29722,657.7826955952443
                              25.71314,-33.29744,658.9369168944302
                              25.71352,-33.29769,660.2352447722006
                              25.71395,-33.29798,661.6696746054513
                              25.71443,-33.29831,663.2313626572638
                              25.71495,-33.29866,664.9106806014848
                              25.71552,-33.29905,666.6972748845584
                              25.71613,-33.29946,668.5801305586265
                              25.71678,-33.2999,670.5476391923453
                              25.71746,-33.30035,672.587670440725
                              25.71816,-33.30083,674.68764683274
                              25.71889,-33.30132,676.8346213156208
                              25.71964,-33.30182,679.0153570777388
                              25.7204,-33.30234,681.2164091579522
                              25.72117,-33.30286,683.4242073382626
                              25.72194,-33.30338,685.6251398087209
                              25.72272,-33.3039,687.8056370887624
                              25.72349,-33.30442,689.9522556875668
                              25.72425,-33.30494,692.0517609876492
                              25.725,-33.30544,694.0912088406784
                              25.72573,-33.30593,696.0580253724551
                              25.72643,-33.30641,697.9400845050282
                              25.72711,-33.30687,699.7257827179968
                              25.72775,-33.3073,701.4041105880738
                              25.72836,-33.30771,702.9647206658387
                              25.72893,-33.3081,704.3979912712072
                              25.72946,-33.30845,705.695085814286
                              25.72994,-33.30878,706.8480072758894
                              25.73037,-33.30907,707.8496475118213
                              25.73075,-33.30932,708.6938310769481
                              25.73108,-33.30954,709.3753532988713
                              25.73135,-33.30972,709.8900123664635
                              25.73156,-33.30987,710.2346352354314
                              25.73171,-33.30997,710.4070971911893
                              25.7318,-33.31003,710.4063349484304
                              25.73183,-33.31005,710.2323532066362
                            </coordinates>
                            </LinearRing>
                        </outerBoundaryIs>
                    </Polygon>
                </Placemark>
                <Placemark>
                    <name>Ground Fresnel</name>
                    <styleUrl>#ground_fresnel</styleUrl>
                    <LookAt>
                        <longitude>25.72194</longitude>
                        <latitude>-33.30338</latitude>
                        <altitude>0</altitude>
                        <altitudeMode>clampToGround</altitudeMode>
                        <heading>218.77865231560264</heading>
                        <range>2362.0174849023165</range>
                        <tilt>68</tilt>
                    </LookAt>
                    <visibility>1</visibility>
                    <Polygon>
                      <extrude>0</extrude>
                      <tessellate>1</tessellate>
                      <altitudeMode>clampToGround </altitudeMode>
                      <outerBoundaryIs>
                        <LinearRing>
                          <coordinates>
                              25.73183,-33.31005,0
                              25.7318,-33.31003,0
                              25.73171,-33.30997,0
                              25.73155,-33.30988,0
                              25.73134,-33.30973,0
                              25.73107,-33.30955,0
                              25.73074,-33.30933,0
                              25.73036,-33.30908,0
                              25.72993,-33.30879,0
                              25.72945,-33.30847,0
                              25.72891,-33.30812,0
                              25.72834,-33.30773,0
                              25.72773,-33.30732,0
                              25.72709,-33.30689,0
                              25.72641,-33.30643,0
                              25.72571,-33.30595,0
                              25.72498,-33.30546,0
                              25.72423,-33.30496,0
                              25.72347,-33.30444,0
                              25.7227,-33.30392,0
                              25.72192,-33.3034,0
                              25.72115,-33.30288,0
                              25.72038,-33.30236,0
                              25.71962,-33.30184,0
                              25.71887,-33.30134,0
                              25.71814,-33.30085,0
                              25.71744,-33.30037,0
                              25.71676,-33.29992,0
                              25.71611,-33.29948,0
                              25.7155,-33.29907,0
                              25.71493,-33.29868,0
                              25.71442,-33.29833,0
                              25.71394,-33.29799,0
                              25.71351,-33.2977,0
                              25.71313,-33.29745,0
                              25.7128,-33.29723,0
                              25.71253,-33.29705,0
                              25.71232,-33.2969,0
                              25.71218,-33.29679,0
                              25.71209,-33.29673,0
                              25.71206,-33.29671,0
                              25.71206,-33.29671,0
                              25.71209,-33.29673,0
                              25.71218,-33.29679,0
                              25.71234,-33.29688,0
                              25.71255,-33.29703,0
                              25.71282,-33.29721,0
                              25.71315,-33.29743,0
                              25.71353,-33.29768,0
                              25.71396,-33.29797,0
                              25.71444,-33.29829,0
                              25.71497,-33.29864,0
                              25.71554,-33.29903,0
                              25.71615,-33.29944,0
                              25.7168,-33.29988,0
                              25.71748,-33.30033,0
                              25.71818,-33.30081,0
                              25.71891,-33.3013,0
                              25.71966,-33.3018,0
                              25.72042,-33.30232,0
                              25.72119,-33.30284,0
                              25.72196,-33.30336,0
                              25.72274,-33.30388,0
                              25.72351,-33.3044,0
                              25.72427,-33.30492,0
                              25.72502,-33.30542,0
                              25.72575,-33.30591,0
                              25.72645,-33.30639,0
                              25.72713,-33.30685,0
                              25.72777,-33.30728,0
                              25.72838,-33.30769,0
                              25.72895,-33.30808,0
                              25.72947,-33.30843,0
                              25.72995,-33.30877,0
                              25.73038,-33.30906,0
                              25.73076,-33.30931,0
                              25.73109,-33.30953,0
                              25.73136,-33.30971,0
                              25.73157,-33.30986,0
                              25.73171,-33.30997,0
                              25.7318,-33.31003,0
                              25.73183,-33.31005,0
                          </coordinates>
                        </LinearRing>
                      </outerBoundaryIs>
                    </Polygon>
                </Placemark>
				<Placemark>
					<name>LoS</name>
					<styleUrl>#los_path_#ff0000</styleUrl>
					<LookAt>
						<longitude>25.72194</longitude>
						<latitude>-33.30338</latitude>
						<altitude>0</altitude>
						<altitudeMode>clampToGround</altitudeMode>
						<heading>218.77865231560264</heading>
						<range>2362.0174849023165</range>
						<tilt>68</tilt>
					</LookAt>
					<LineString>
						<altitudeMode>relativeToGround</altitudeMode>
						<coordinates>
							25.73183,-33.31005,15.0
                            25.71206,-33.29671,10
						</coordinates>
					</LineString>
				</Placemark>
				<Placemark>
					<name>Ground</name>
					<styleUrl>#ground_path</styleUrl>
					<LookAt>
						<longitude>25.72194</longitude>
						<latitude>-33.30338</latitude>
						<altitude>0</altitude>
						<altitudeMode>clampToGround</altitudeMode>
						<heading>218.77865231560264</heading>
						<range>2362.0174849023165</range>
						<tilt>68</tilt>
					</LookAt>
					<LineString>
						<altitudeMode>clampToGround</altitudeMode>
						<tessellate>1</tessellate>
						<coordinates>
							25.73183,-33.31005,0
								25.7317,-33.30997,0
								25.71219,-33.29679,0
							 25.71206,-33.29671,0
						</coordinates>
					</LineString>
				</Placemark>
				<Placemark id="end_140349983685856">
					<name>Tower</name>
					<styleUrl>#antenna</styleUrl>
					<Point>
						<altitudeMode>relativeToGround</altitudeMode>
						<extrude>1</extrude>
						<coordinates>
							25.73183,-33.31005,15.0
						</coordinates>
					</Point>
					<LookAt>
						<longitude>25.73183</longitude>
						<latitude>-33.31005</latitude>
						<altitude>15.0</altitude>
						<altitudeMode>clampToGround</altitudeMode>
						<heading>304.77865231560264</heading>
						<range>336.2017484902317</range>
						<tilt>68</tilt>
					</LookAt>
				</Placemark>
                <Placemark>
                    <name>Hp2</name>
                    <styleUrl>#msn_triangle</styleUrl>
                    <LookAt>
                        <longitude>25.7317</longitude>
                        <latitude>-33.30997</latitude>
                        <altitude>0</altitude>
                        <altitudeMode>clampToGround</altitudeMode>
                        <heading>218.77865231560259</heading>
                        <range>500</range>
                        <tilt>68</tilt>
                    </LookAt>
                    <Point>
                        <coordinates>
                            25.7317,-33.30997,694.5039585329026
                        </coordinates>
                    </Point>
                </Placemark><Placemark>
                    <name>Hp1</name>
                    <styleUrl>#msn_triangle</styleUrl>
                    <LookAt>
                        <longitude>25.71219</longitude>
                        <latitude>-33.29679</latitude>
                        <altitude>0</altitude>
                        <altitudeMode>clampToGround</altitudeMode>
                        <heading>218.77865231560259</heading>
                        <range>500</range>
                        <tilt>68</tilt>
                    </LookAt>
                    <Point>
                        <coordinates>
                            25.71219,-33.29679,644.1790264416964
                        </coordinates>
                    </Point>
                </Placemark>
				<Placemark id="end_140349974574768">
					<name>Directors House</name>
					<styleUrl>#antenna</styleUrl>
					<Point>
						<altitudeMode>relativeToGround</altitudeMode>
						<extrude>1</extrude>
						<coordinates>
							25.71206,-33.29671,10
						</coordinates>
					</Point>
					<LookAt>
						<longitude>25.71206</longitude>
						<latitude>-33.29671</latitude>
						<altitude>10</altitude>
						<altitudeMode>clampToGround</altitudeMode>
						<heading>124.78950747162733</heading>
						<range>336.2017484902317</range>
						<tilt>68</tilt>
					</LookAt>
				</Placemark>
			</Folder><Folder>
				<name>Tower : 000 to Main Link</name>
				<description></description>
				<LookAt>
					<longitude>25.73398</longitude>
					<latitude>-33.30687</latitude>
					<altitude>0</altitude>
					<altitudeMode>clampToGround</altitudeMode>
					<heading>-60.472258703323966</heading>
					<range>810.6712088599281</range>
					<tilt>68</tilt>
				</LookAt>
                <Placemark>
                    <name>Vertical Fresnel</name>
                    <styleUrl>#pvertical_fresnel</styleUrl>
                    <LookAt>
                        <longitude>25.73398</longitude>
                        <latitude>-33.30687</latitude>
                        <altitude>0</altitude>
                        <altitudeMode>clampToGround</altitudeMode>
                        <heading>-60.472258703323966</heading>
                        <range>810.6712088599281</range>
                        <tilt>68</tilt>
                    </LookAt>
                    <Polygon>
                        <extrude>0</extrude>
                        <altitudeMode>absolute</altitudeMode>
                        <outerBoundaryIs>
                            <LinearRing>
                            <coordinates>
                              25.73183,-33.31005,710.2323005165948
                              25.73184,-33.31004,709.8482700708292
                              25.73186,-33.31001,709.003392669837
                              25.73189,-33.30996,707.7028772637466
                              25.73193,-33.30989,705.9547419625017
                              25.73199,-33.30981,703.7697646015482
                              25.73206,-33.3097,701.1614162928953
                              25.73215,-33.30958,698.1457783712298
                              25.73224,-33.30944,694.7414432471398
                              25.73234,-33.30929,690.9693997787218
                              25.73246,-33.30912,686.8529038682905
                              25.73258,-33.30894,682.4173350820073
                              25.73271,-33.30874,677.6900401764159
                              25.73285,-33.30853,672.7001644965945
                              25.733,-33.30831,667.4784722854112
                              25.73315,-33.30809,662.0571570117365
                              25.73331,-33.30785,656.4696428870035
                              25.73347,-33.30761,650.7503787938277
                              25.73364,-33.30737,644.9346258971918
                              25.73381,-33.30712,639.058240247638
                              25.73398,-33.30687,633.1574517167919
                              25.73414,-33.30662,627.2686406281578
                              25.73431,-33.30637,621.4281134603254
                              25.73448,-33.30613,615.6718790054568
                              25.73464,-33.30589,610.0354263631083
                              25.7348,-33.30565,604.553506138131
                              25.73495,-33.30543,599.2599161916348
                              25.7351,-33.30521,594.1872932659378
                              25.73524,-33.305,589.3669117681948
                              25.73537,-33.3048,584.8284909532789
                              25.73549,-33.30462,580.6000116946922
                              25.73561,-33.30445,576.707543973176
                              25.73571,-33.3043,573.1750861466102
                              25.7358,-33.30416,570.0244169921571
                              25.73589,-33.30404,567.2749614328576
                              25.73596,-33.30393,564.9436707765217
                              25.73602,-33.30385,563.0449182052783
                              25.73606,-33.30378,561.5904101601285
                              25.73609,-33.30373,560.5891141668438
                              25.73611,-33.3037,560.0472035481874
                              25.73612,-33.30369,559.9679805242152
                              25.73612,-33.30369,559.9680194833005
                              25.73611,-33.3037,560.3518933136567
                              25.73609,-33.30373,561.1966539039364
                              25.73606,-33.30378,562.4970541850777
                              25.73602,-33.30385,564.2450767569202
                              25.73596,-33.30393,566.4299444790322
                              25.73589,-33.30404,569.0381869153645
                              25.7358,-33.30416,572.0537233839684
                              25.73571,-33.3043,575.4579620997475
                              25.73561,-33.30445,579.2299147989946
                              25.73549,-33.30462,583.3463261390176
                              25.73537,-33.3048,587.7818170750594
                              25.73524,-33.305,592.5090413305486
                              25.7351,-33.30521,597.4988539959891
                              25.73495,-33.30543,602.7204912170168
                              25.7348,-33.30565,608.1417598637939
                              25.73464,-33.30589,613.7292360123582
                              25.73448,-33.30613,619.4484710142293
                              25.73431,-33.30637,625.2642038837821
                              25.73414,-33.30662,631.1405786939483
                              25.73398,-33.30687,637.0413656399305
                              25.73381,-33.30712,642.9301844079957
                              25.73364,-33.30737,648.770728472208
                              25.73347,-33.30761,654.5269889362336
                              25.73331,-33.30785,660.1634765401608
                              25.73315,-33.30809,665.645440463589
                              25.733,-33.30831,670.9390825759925
                              25.73285,-33.30853,676.0117658134335
                              25.73271,-33.30874,680.8322153969149
                              25.73258,-33.30894,685.3707116517925
                              25.73246,-33.30912,689.5992732394516
                              25.73234,-33.30929,693.4918296715651
                              25.73224,-33.30944,697.0243820433225
                              25.73215,-33.30958,700.175150994659
                              25.73206,-33.3097,702.9247109872528
                              25.73199,-33.30981,705.256110069428
                              25.73193,-33.30989,707.1549743905741
                              25.73189,-33.30996,708.6095968207148
                              25.73186,-33.31001,709.6110091288572
                              25.73184,-33.31004,710.1530372751182
                              25.73183,-33.31005,710.2323394757344
                            </coordinates>
                            </LinearRing>
                        </outerBoundaryIs>
                    </Polygon>
                </Placemark>
                <Placemark>
                    <name>Ground Fresnel</name>
                    <styleUrl>#ground_fresnel</styleUrl>
                    <LookAt>
                        <longitude>25.73398</longitude>
                        <latitude>-33.30687</latitude>
                        <altitude>0</altitude>
                        <altitudeMode>clampToGround</altitudeMode>
                        <heading>-60.472258703323966</heading>
                        <range>810.6712088599281</range>
                        <tilt>68</tilt>
                    </LookAt>
                    <visibility>1</visibility>
                    <Polygon>
                      <extrude>0</extrude>
                      <tessellate>1</tessellate>
                      <altitudeMode>clampToGround </altitudeMode>
                      <outerBoundaryIs>
                        <LinearRing>
                          <coordinates>
                              25.73183,-33.31005,0
                              25.73184,-33.31004,0
                              25.73186,-33.31001,0
                              25.73189,-33.30996,0
                              25.73192,-33.30989,0
                              25.73198,-33.30981,0
                              25.73205,-33.3097,0
                              25.73214,-33.30958,0
                              25.73223,-33.30943,0
                              25.73233,-33.30928,0
                              25.73245,-33.30911,0
                              25.73257,-33.30893,0
                              25.7327,-33.30873,0
                              25.73283,-33.30852,0
                              25.73298,-33.3083,0
                              25.73313,-33.30808,0
                              25.73329,-33.30784,0
                              25.73345,-33.3076,0
                              25.73362,-33.30736,0
                              25.73379,-33.30711,0
                              25.73396,-33.30686,0
                              25.73412,-33.30661,0
                              25.73429,-33.30636,0
                              25.73446,-33.30612,0
                              25.73462,-33.30588,0
                              25.73478,-33.30564,0
                              25.73493,-33.30542,0
                              25.73508,-33.3052,0
                              25.73523,-33.30499,0
                              25.73536,-33.30479,0
                              25.73548,-33.30461,0
                              25.7356,-33.30444,0
                              25.7357,-33.30429,0
                              25.73579,-33.30416,0
                              25.73588,-33.30404,0
                              25.73595,-33.30393,0
                              25.73601,-33.30385,0
                              25.73606,-33.30378,0
                              25.73609,-33.30373,0
                              25.73611,-33.3037,0
                              25.73612,-33.30369,0
                              25.73612,-33.30369,0
                              25.73611,-33.3037,0
                              25.73609,-33.30373,0
                              25.73606,-33.30378,0
                              25.73603,-33.30385,0
                              25.73597,-33.30393,0
                              25.7359,-33.30404,0
                              25.73581,-33.30416,0
                              25.73572,-33.30431,0
                              25.73562,-33.30446,0
                              25.7355,-33.30463,0
                              25.73538,-33.30481,0
                              25.73525,-33.30501,0
                              25.73512,-33.30522,0
                              25.73497,-33.30544,0
                              25.73482,-33.30566,0
                              25.73466,-33.3059,0
                              25.7345,-33.30614,0
                              25.73433,-33.30638,0
                              25.73416,-33.30663,0
                              25.734,-33.30688,0
                              25.73383,-33.30713,0
                              25.73366,-33.30738,0
                              25.73349,-33.30762,0
                              25.73333,-33.30786,0
                              25.73317,-33.3081,0
                              25.73302,-33.30832,0
                              25.73287,-33.30854,0
                              25.73272,-33.30875,0
                              25.73259,-33.30895,0
                              25.73247,-33.30913,0
                              25.73235,-33.3093,0
                              25.73225,-33.30945,0
                              25.73216,-33.30958,0
                              25.73207,-33.3097,0
                              25.732,-33.30981,0
                              25.73194,-33.30989,0
                              25.73189,-33.30996,0
                              25.73186,-33.31001,0
                              25.73184,-33.31004,0
                              25.73183,-33.31005,0
                          </coordinates>
                        </LinearRing>
                      </outerBoundaryIs>
                    </Polygon>
                </Placemark>
				<Placemark>
					<name>LoS</name>
					<styleUrl>#los_path_#ff0000</styleUrl>
					<LookAt>
						<longitude>25.73398</longitude>
						<latitude>-33.30687</latitude>
						<altitude>0</altitude>
						<altitudeMode>clampToGround</altitudeMode>
						<heading>-60.472258703323966</heading>
						<range>810.6712088599281</range>
						<tilt>68</tilt>
					</LookAt>
					<LineString>
						<altitudeMode>relativeToGround</altitudeMode>
						<coordinates>
							25.73183,-33.31005,15.0
                            25.73612,-33.30369,10
						</coordinates>
					</LineString>
				</Placemark>
				<Placemark>
					<name>Ground</name>
					<styleUrl>#ground_path</styleUrl>
					<LookAt>
						<longitude>25.73398</longitude>
						<latitude>-33.30687</latitude>
						<altitude>0</altitude>
						<altitudeMode>clampToGround</altitudeMode>
						<heading>-60.472258703323966</heading>
						<range>810.6712088599281</range>
						<tilt>68</tilt>
					</LookAt>
					<LineString>
						<altitudeMode>clampToGround</altitudeMode>
						<tessellate>1</tessellate>
						<coordinates>
							25.73183,-33.31005,0
								25.73604,-33.3038,0
							 25.73612,-33.30369,0
						</coordinates>
					</LineString>
				</Placemark>
				<Placemark id="end_140349983685856">
					<name>Tower</name>
					<styleUrl>#antenna</styleUrl>
					<Point>
						<altitudeMode>relativeToGround</altitudeMode>
						<extrude>1</extrude>
						<coordinates>
							25.73183,-33.31005,15.0
						</coordinates>
					</Point>
					<LookAt>
						<longitude>25.73183</longitude>
						<latitude>-33.31005</latitude>
						<altitude>15.0</altitude>
						<altitudeMode>clampToGround</altitudeMode>
						<heading>25.527741296676034</heading>
						<range>181.06712088599284</range>
						<tilt>68</tilt>
					</LookAt>
				</Placemark>
                <Placemark>
                    <name>Hp1</name>
                    <styleUrl>#msn_triangle</styleUrl>
                    <LookAt>
                        <longitude>25.73604</longitude>
                        <latitude>-33.3038</latitude>
                        <altitude>0</altitude>
                        <altitudeMode>clampToGround</altitudeMode>
                        <heading>299.527741296676</heading>
                        <range>500</range>
                        <tilt>68</tilt>
                    </LookAt>
                    <Point>
                        <coordinates>
                            25.73604,-33.3038,550.736874786367
                        </coordinates>
                    </Point>
                </Placemark>
				<Placemark id="end_140349983542016">
					<name>Main Link</name>
					<styleUrl>#antenna</styleUrl>
					<Point>
						<altitudeMode>relativeToGround</altitudeMode>
						<extrude>1</extrude>
						<coordinates>
							25.73612,-33.30369,10
						</coordinates>
					</Point>
					<LookAt>
						<longitude>25.73612</longitude>
						<latitude>-33.30369</latitude>
						<altitude>10</altitude>
						<altitudeMode>clampToGround</altitudeMode>
						<heading>205.52538555886937</heading>
						<range>181.06712088599284</range>
						<tilt>68</tilt>
					</LookAt>
				</Placemark>
			</Folder><Folder>
				<name>Tower : 000 to Spa</name>
				<description></description>
				<LookAt>
					<longitude>25.73465</longitude>
					<latitude>-33.30707</latitude>
					<altitude>0</altitude>
					<altitudeMode>clampToGround</altitudeMode>
					<heading>-51.62440300936559</heading>
					<range>844.5837741860329</range>
					<tilt>68</tilt>
				</LookAt>
                <Placemark>
                    <name>Vertical Fresnel</name>
                    <styleUrl>#pvertical_fresnel</styleUrl>
                    <LookAt>
                        <longitude>25.73465</longitude>
                        <latitude>-33.30707</latitude>
                        <altitude>0</altitude>
                        <altitudeMode>clampToGround</altitudeMode>
                        <heading>-51.62440300936559</heading>
                        <range>844.5837741860329</range>
                        <tilt>68</tilt>
                    </LookAt>
                    <Polygon>
                        <extrude>0</extrude>
                        <altitudeMode>absolute</altitudeMode>
                        <outerBoundaryIs>
                            <LinearRing>
                            <coordinates>
                              25.73183,-33.31005,710.2323001144412
                              25.73184,-33.31004,709.8371971153284
                              25.73186,-33.31001,708.9654828554956
                              25.73191,-33.30997,707.62253174323
                              25.73197,-33.3099,705.8166235187151
                              25.73204,-33.30982,703.5588922066808
                              25.73214,-33.30972,700.8632574714374
                              25.73224,-33.30961,697.7463387975173
                              25.73237,-33.30948,694.2273530250255
                              25.7325,-33.30933,690.3279958714314
                              25.73265,-33.30918,686.0723081702546
                              25.73282,-33.309,681.4865276513325
                              25.73299,-33.30882,676.5989271764911
                              25.73317,-33.30862,671.4396404279498
                              25.73337,-33.30842,666.0404761241504
                              25.73357,-33.30821,660.4347219084302
                              25.73378,-33.30799,654.6569391196314
                              25.73399,-33.30776,648.7427497099548
                              25.7342,-33.30753,642.7286166237784
                              25.73442,-33.3073,636.651618991481
                              25.73465,-33.30707,630.5492235242722
                              25.73487,-33.30683,624.4590535194599
                              25.73509,-33.3066,618.4186569003108
                              25.7353,-33.30637,612.4652747206176
                              25.73551,-33.30614,606.6356115612185
                              25.73572,-33.30592,600.9656092340512
                              25.73592,-33.30571,595.4902251889295
                              25.73612,-33.30551,590.2432169892415
                              25.7363,-33.30531,585.2569341853459
                              25.73647,-33.30513,580.5621188688358
                              25.73664,-33.30495,576.1877161373219
                              25.73679,-33.3048,572.1606956382807
                              25.73692,-33.30465,568.5058852922087
                              25.73705,-33.30452,565.2458182202377
                              25.73715,-33.30441,562.4005938199481
                              25.73725,-33.30431,559.9877538459012
                              25.73732,-33.30423,558.0221742588876
                              25.73738,-33.30416,556.515973510683
                              25.73743,-33.30412,555.4784378297624
                              25.73745,-33.30409,554.9159639686142
                              25.73746,-33.30408,554.8319801224424
                              25.73746,-33.30408,554.8320198856376
                              25.73745,-33.30409,555.2269614380804
                              25.73743,-33.30412,556.0985548898065
                              25.73738,-33.30416,557.4413869341598
                              25.73732,-33.30423,559.2471785650503
                              25.73725,-33.30431,561.5047964765866
                              25.73715,-33.30441,564.20032170361
                              25.73705,-33.30452,567.3171354367428
                              25.73692,-33.30465,570.8360214828746
                              25.73679,-33.3048,574.7352847393825
                              25.73664,-33.30495,578.9908849516536
                              25.73647,-33.30513,583.5765849292486
                              25.7363,-33.30531,588.4641123069055
                              25.73612,-33.30551,593.6233338530735
                              25.73592,-33.30571,599.0224412513049
                              25.73572,-33.30592,604.6281472091047
                              25.73551,-33.30614,610.4058906851561
                              25.7353,-33.30637,616.320049969635
                              25.73509,-33.3066,622.3341623038949
                              25.73487,-33.30683,628.4111486854998
                              25.73465,-33.30707,634.513542472604
                              25.73442,-33.3073,640.6037203782582
                              25.7342,-33.30753,646.6441344304844
                              25.73399,-33.30776,652.5975434680092
                              25.73378,-33.30799,658.4272427444067
                              25.73357,-33.30821,664.0972902250664
                              25.73337,-33.30842,669.5727281817877
                              25.73317,-33.30862,674.8197987187996
                              25.73299,-33.30882,679.8061519014136
                              25.73282,-33.309,684.5010452041278
                              25.73265,-33.30918,688.8755330485209
                              25.7325,-33.30933,692.902645262367
                              25.73237,-33.30948,696.5575533597174
                              25.73224,-33.30961,699.8177236167716
                              25.73214,-33.30972,702.6630559997781
                              25.73204,-33.30982,705.0760080884266
                              25.73197,-33.3099,707.0417032307029
                              25.73191,-33.30997,708.5480222623946
                              25.73186,-33.31001,709.5856782257695
                              25.73184,-33.31004,710.1482736267577
                              25.73183,-33.31005,710.2323398776311
                            </coordinates>
                            </LinearRing>
                        </outerBoundaryIs>
                    </Polygon>
                </Placemark>
                <Placemark>
                    <name>Ground Fresnel</name>
                    <styleUrl>#ground_fresnel</styleUrl>
                    <LookAt>
                        <longitude>25.73465</longitude>
                        <latitude>-33.30707</latitude>
                        <altitude>0</altitude>
                        <altitudeMode>clampToGround</altitudeMode>
                        <heading>-51.62440300936559</heading>
                        <range>844.5837741860329</range>
                        <tilt>68</tilt>
                    </LookAt>
                    <visibility>1</visibility>
                    <Polygon>
                      <extrude>0</extrude>
                      <tessellate>1</tessellate>
                      <altitudeMode>clampToGround </altitudeMode>
                      <outerBoundaryIs>
                        <LinearRing>
                          <coordinates>
                              25.73183,-33.31005,0
                              25.73184,-33.31004,0
                              25.73186,-33.31001,0
                              25.73191,-33.30997,0
                              25.73196,-33.3099,0
                              25.73203,-33.30982,0
                              25.73213,-33.30971,0
                              25.73223,-33.3096,0
                              25.73236,-33.30947,0
                              25.73249,-33.30932,0
                              25.73264,-33.30917,0
                              25.73281,-33.30899,0
                              25.73298,-33.30881,0
                              25.73316,-33.30861,0
                              25.73336,-33.30841,0
                              25.73355,-33.3082,0
                              25.73376,-33.30798,0
                              25.73397,-33.30775,0
                              25.73418,-33.30752,0
                              25.7344,-33.30729,0
                              25.73463,-33.30706,0
                              25.73485,-33.30682,0
                              25.73507,-33.30659,0
                              25.73528,-33.30636,0
                              25.73549,-33.30613,0
                              25.7357,-33.30591,0
                              25.73591,-33.3057,0
                              25.73611,-33.3055,0
                              25.73629,-33.3053,0
                              25.73646,-33.30512,0
                              25.73663,-33.30494,0
                              25.73678,-33.30479,0
                              25.73691,-33.30464,0
                              25.73704,-33.30451,0
                              25.73714,-33.3044,0
                              25.73724,-33.30431,0
                              25.73731,-33.30423,0
                              25.73738,-33.30416,0
                              25.73743,-33.30412,0
                              25.73745,-33.30409,0
                              25.73746,-33.30408,0
                              25.73746,-33.30408,0
                              25.73745,-33.30409,0
                              25.73743,-33.30412,0
                              25.73738,-33.30416,0
                              25.73733,-33.30423,0
                              25.73726,-33.30431,0
                              25.73716,-33.30442,0
                              25.73706,-33.30453,0
                              25.73693,-33.30466,0
                              25.7368,-33.30481,0
                              25.73665,-33.30496,0
                              25.73648,-33.30514,0
                              25.73631,-33.30532,0
                              25.73613,-33.30552,0
                              25.73593,-33.30572,0
                              25.73574,-33.30593,0
                              25.73553,-33.30615,0
                              25.73532,-33.30638,0
                              25.73511,-33.30661,0
                              25.73489,-33.30684,0
                              25.73467,-33.30708,0
                              25.73444,-33.30731,0
                              25.73422,-33.30754,0
                              25.73401,-33.30777,0
                              25.7338,-33.308,0
                              25.73359,-33.30822,0
                              25.73338,-33.30843,0
                              25.73318,-33.30863,0
                              25.733,-33.30883,0
                              25.73283,-33.30901,0
                              25.73266,-33.30919,0
                              25.73251,-33.30934,0
                              25.73238,-33.30949,0
                              25.73225,-33.30962,0
                              25.73215,-33.30973,0
                              25.73205,-33.30982,0
                              25.73198,-33.3099,0
                              25.73191,-33.30997,0
                              25.73186,-33.31001,0
                              25.73184,-33.31004,0
                              25.73183,-33.31005,0
                          </coordinates>
                        </LinearRing>
                      </outerBoundaryIs>
                    </Polygon>
                </Placemark>
				<Placemark>
					<name>LoS</name>
					<styleUrl>#los_path_#ff0000</styleUrl>
					<LookAt>
						<longitude>25.73465</longitude>
						<latitude>-33.30707</latitude>
						<altitude>0</altitude>
						<altitudeMode>clampToGround</altitudeMode>
						<heading>-51.62440300936559</heading>
						<range>844.5837741860329</range>
						<tilt>68</tilt>
					</LookAt>
					<LineString>
						<altitudeMode>relativeToGround</altitudeMode>
						<coordinates>
							25.73183,-33.31005,15.0
                            25.73746,-33.30408,10
						</coordinates>
					</LineString>
				</Placemark>
				<Placemark>
					<name>Ground</name>
					<styleUrl>#ground_path</styleUrl>
					<LookAt>
						<longitude>25.73465</longitude>
						<latitude>-33.30707</latitude>
						<altitude>0</altitude>
						<altitudeMode>clampToGround</altitudeMode>
						<heading>-51.62440300936559</heading>
						<range>844.5837741860329</range>
						<tilt>68</tilt>
					</LookAt>
					<LineString>
						<altitudeMode>clampToGround</altitudeMode>
						<tessellate>1</tessellate>
						<coordinates>
							25.73183,-33.31005,0
								25.73193,-33.30995,0
								25.73736,-33.30418,0
							 25.73746,-33.30408,0
						</coordinates>
					</LineString>
				</Placemark>
				<Placemark id="end_140349983685856">
					<name>Tower</name>
					<styleUrl>#antenna</styleUrl>
					<Point>
						<altitudeMode>relativeToGround</altitudeMode>
						<extrude>1</extrude>
						<coordinates>
							25.73183,-33.31005,15.0
						</coordinates>
					</Point>
					<LookAt>
						<longitude>25.73183</longitude>
						<latitude>-33.31005</latitude>
						<altitude>15.0</altitude>
						<altitudeMode>clampToGround</altitudeMode>
						<heading>34.37559699063441</heading>
						<range>184.45837741860328</range>
						<tilt>68</tilt>
					</LookAt>
				</Placemark>
                <Placemark>
                    <name>Hp2</name>
                    <styleUrl>#msn_triangle</styleUrl>
                    <LookAt>
                        <longitude>25.73193</longitude>
                        <latitude>-33.30995</latitude>
                        <altitude>0</altitude>
                        <altitudeMode>clampToGround</altitudeMode>
                        <heading>308.3755969906344</heading>
                        <range>500</range>
                        <tilt>68</tilt>
                    </LookAt>
                    <Point>
                        <coordinates>
                            25.73193,-33.30995,692.0957799821736
                        </coordinates>
                    </Point>
                </Placemark><Placemark>
                    <name>Hp1</name>
                    <styleUrl>#msn_triangle</styleUrl>
                    <LookAt>
                        <longitude>25.73736</longitude>
                        <latitude>-33.30418</latitude>
                        <altitude>0</altitude>
                        <altitudeMode>clampToGround</altitudeMode>
                        <heading>308.3755969906344</heading>
                        <range>500</range>
                        <tilt>68</tilt>
                    </LookAt>
                    <Point>
                        <coordinates>
                            25.73736,-33.30418,545.5182669165779
                        </coordinates>
                    </Point>
                </Placemark>
				<Placemark id="end_140349974781184">
					<name>Spa</name>
					<styleUrl>#antenna</styleUrl>
					<Point>
						<altitudeMode>relativeToGround</altitudeMode>
						<extrude>1</extrude>
						<coordinates>
							25.73746,-33.30408,10
						</coordinates>
					</Point>
					<LookAt>
						<longitude>25.73746</longitude>
						<latitude>-33.30408</latitude>
						<altitude>10</altitude>
						<altitudeMode>clampToGround</altitudeMode>
						<heading>214.37250541195124</heading>
						<range>184.45837741860328</range>
						<tilt>68</tilt>
					</LookAt>
				</Placemark>
			</Folder><Folder>
				<name>Tower : 000 to Staff 1</name>
				<description></description>
				<LookAt>
					<longitude>25.72237</longitude>
					<latitude>-33.30354</latitude>
					<altitude>0</altitude>
					<altitudeMode>clampToGround</altitudeMode>
					<heading>219.35180617153867</heading>
					<range>2278.8845881631323</range>
					<tilt>68</tilt>
				</LookAt>
                <Placemark>
                    <name>Vertical Fresnel</name>
                    <styleUrl>#pvertical_fresnel</styleUrl>
                    <LookAt>
                        <longitude>25.72237</longitude>
                        <latitude>-33.30354</latitude>
                        <altitude>0</altitude>
                        <altitudeMode>clampToGround</altitudeMode>
                        <heading>219.35180617153867</heading>
                        <range>2278.8845881631323</range>
                        <tilt>68</tilt>
                    </LookAt>
                    <Polygon>
                        <extrude>0</extrude>
                        <altitudeMode>absolute</altitudeMode>
                        <outerBoundaryIs>
                            <LinearRing>
                            <coordinates>
                              25.73183,-33.31005,710.2322873789078
                              25.7318,-33.31003,709.8865997710996
                              25.73171,-33.30997,709.3626326960228
                              25.73157,-33.30987,708.6636165849333
                              25.73137,-33.30973,707.7938611046026
                              25.73111,-33.30955,706.7587285867896
                              25.7308,-33.30934,705.5646009676836
                              25.73044,-33.30909,704.2188404411438
                              25.73002,-33.30881,702.7297440683272
                              25.72956,-33.30849,701.106492623547
                              25.72906,-33.30814,699.359093991746
                              25.72851,-33.30777,697.4983214665587
                              25.72793,-33.30736,695.535647329372
                              25.72731,-33.30694,693.4831721188973
                              25.72666,-33.30649,691.3535500273244
                              25.72599,-33.30603,689.1599108830193
                              25.72529,-33.30555,686.9157792007653
                              25.72458,-33.30506,684.6349907986332
                              25.72385,-33.30455,682.3316074955611
                              25.72311,-33.30405,680.0198304155653
                              25.72237,-33.30354,677.7139124330878
                              25.72163,-33.30302,675.428070299286
                              25.72089,-33.30252,673.1763969910347
                              25.72016,-33.30201,670.9727748230363
                              25.71945,-33.30152,668.8307898587354
                              25.71875,-33.30104,666.7636481477192
                              25.71807,-33.30058,664.7840943060305
                              25.71743,-33.30013,662.9043329413718
                              25.71681,-33.29971,661.1359534076403
                              25.71623,-33.2993,659.4898583527072
                              25.71568,-33.29893,657.9761964999683
                              25.71518,-33.29858,656.6043000780895
                              25.71472,-33.29826,655.3826272847135
                              25.7143,-33.29798,654.3187101388589
                              25.71394,-33.29773,653.4191080435181
                              25.71363,-33.29752,652.6893673447572
                              25.71337,-33.29734,652.1339871366474
                              25.71317,-33.2972,651.7563915228542
                              25.71303,-33.2971,651.5589085058999
                              25.71294,-33.29704,651.542755634254
                              25.71291,-33.29702,651.7079673766445
                              25.71291,-33.29702,651.7080326157409
                              25.71294,-33.29704,652.0536093875417
                              25.71303,-33.2971,652.5775314290476
                              25.71317,-33.2972,653.2765034675539
                              25.71337,-33.29734,654.1462161080115
                              25.71363,-33.29752,655.181307282783
                              25.71394,-33.29773,656.3753953105735
                              25.7143,-33.29798,657.7211182416168
                              25.71472,-33.29826,659.210179246545
                              25.71518,-33.29858,660.8333977690994
                              25.71568,-33.29893,662.5807661273137
                              25.71623,-33.2993,664.4415112142005
                              25.71681,-33.29971,666.4041609175388
                              25.71743,-33.30013,668.4566148492601
                              25.71807,-33.30058,670.5862189483651
                              25.71875,-33.30104,672.7798434974176
                              25.71945,-33.30152,675.0239640716186
                              25.72016,-33.30201,677.3047449213824
                              25.72089,-33.30252,679.6081242743334
                              25.72163,-33.30302,681.9199010308093
                              25.72237,-33.30354,684.2258223183629
                              25.72311,-33.30405,686.5116713654596
                              25.72385,-33.30455,688.7633551526022
                              25.72458,-33.30506,690.966991300482
                              25.72529,-33.30555,693.1089936594641
                              25.72599,-33.30603,695.1761560727172
                              25.72666,-33.30649,697.1557337965623
                              25.72731,-33.30694,699.0355220760557
                              25.72793,-33.30736,700.8039313913611
                              25.72851,-33.30777,702.4500589109938
                              25.72906,-33.30814,703.9637557114027
                              25.72956,-33.30849,705.3356893484574
                              25.73002,-33.30881,706.5574013950719
                              25.73044,-33.30909,707.6213595902179
                              25.7308,-33.30934,708.5210042778206
                              25.73111,-33.30955,709.2507888492185
                              25.73137,-33.30973,709.8062139398509
                              25.73157,-33.30987,710.1838551693367
                              25.73171,-33.30997,710.3813842539174
                              25.7318,-33.31003,710.3975833611016
                              25.73183,-33.31005,710.2323526180082
                            </coordinates>
                            </LinearRing>
                        </outerBoundaryIs>
                    </Polygon>
                </Placemark>
                <Placemark>
                    <name>Ground Fresnel</name>
                    <styleUrl>#ground_fresnel</styleUrl>
                    <LookAt>
                        <longitude>25.72237</longitude>
                        <latitude>-33.30354</latitude>
                        <altitude>0</altitude>
                        <altitudeMode>clampToGround</altitudeMode>
                        <heading>219.35180617153867</heading>
                        <range>2278.8845881631323</range>
                        <tilt>68</tilt>
                    </LookAt>
                    <visibility>1</visibility>
                    <Polygon>
                      <extrude>0</extrude>
                      <tessellate>1</tessellate>
                      <altitudeMode>clampToGround </altitudeMode>
                      <outerBoundaryIs>
                        <LinearRing>
                          <coordinates>
                              25.73183,-33.31005,0
                              25.7318,-33.31003,0
                              25.73171,-33.30997,0
                              25.73156,-33.30988,0
                              25.73136,-33.30974,0
                              25.7311,-33.30956,0
                              25.73079,-33.30935,0
                              25.73043,-33.3091,0
                              25.73001,-33.30882,0
                              25.72955,-33.3085,0
                              25.72904,-33.30816,0
                              25.72849,-33.30779,0
                              25.72791,-33.30738,0
                              25.72729,-33.30696,0
                              25.72664,-33.30651,0
                              25.72597,-33.30605,0
                              25.72527,-33.30557,0
                              25.72456,-33.30508,0
                              25.72383,-33.30457,0
                              25.72309,-33.30407,0
                              25.72235,-33.30356,0
                              25.72161,-33.30304,0
                              25.72087,-33.30254,0
                              25.72014,-33.30203,0
                              25.71943,-33.30154,0
                              25.71873,-33.30106,0
                              25.71805,-33.3006,0
                              25.71741,-33.30015,0
                              25.71679,-33.29973,0
                              25.71621,-33.29932,0
                              25.71566,-33.29895,0
                              25.71517,-33.29859,0
                              25.71471,-33.29827,0
                              25.71429,-33.29799,0
                              25.71393,-33.29774,0
                              25.71362,-33.29753,0
                              25.71336,-33.29735,0
                              25.71316,-33.29721,0
                              25.71303,-33.2971,0
                              25.71294,-33.29704,0
                              25.71291,-33.29702,0
                              25.71291,-33.29702,0
                              25.71294,-33.29704,0
                              25.71303,-33.2971,0
                              25.71318,-33.29719,0
                              25.71338,-33.29733,0
                              25.71364,-33.29751,0
                              25.71395,-33.29772,0
                              25.71431,-33.29797,0
                              25.71473,-33.29825,0
                              25.71519,-33.29857,0
                              25.7157,-33.29891,0
                              25.71625,-33.29928,0
                              25.71683,-33.29969,0
                              25.71745,-33.30011,0
                              25.71809,-33.30056,0
                              25.71877,-33.30102,0
                              25.71947,-33.3015,0
                              25.72018,-33.30199,0
                              25.72091,-33.3025,0
                              25.72165,-33.303,0
                              25.72239,-33.30352,0
                              25.72313,-33.30403,0
                              25.72387,-33.30453,0
                              25.7246,-33.30504,0
                              25.72531,-33.30553,0
                              25.72601,-33.30601,0
                              25.72668,-33.30647,0
                              25.72733,-33.30692,0
                              25.72795,-33.30734,0
                              25.72853,-33.30775,0
                              25.72908,-33.30812,0
                              25.72957,-33.30848,0
                              25.73003,-33.3088,0
                              25.73045,-33.30908,0
                              25.73081,-33.30933,0
                              25.73112,-33.30954,0
                              25.73138,-33.30972,0
                              25.73158,-33.30986,0
                              25.73171,-33.30997,0
                              25.7318,-33.31003,0
                              25.73183,-33.31005,0
                          </coordinates>
                        </LinearRing>
                      </outerBoundaryIs>
                    </Polygon>
                </Placemark>
				<Placemark>
					<name>LoS</name>
					<styleUrl>#los_path_#ff0000</styleUrl>
					<LookAt>
						<longitude>25.72237</longitude>
						<latitude>-33.30354</latitude>
						<altitude>0</altitude>
						<altitudeMode>clampToGround</altitudeMode>
						<heading>219.35180617153867</heading>
						<range>2278.8845881631323</range>
						<tilt>68</tilt>
					</LookAt>
					<LineString>
						<altitudeMode>relativeToGround</altitudeMode>
						<coordinates>
							25.73183,-33.31005,15.0
                            25.71291,-33.29702,10
						</coordinates>
					</LineString>
				</Placemark>
				<Placemark>
					<name>Ground</name>
					<styleUrl>#ground_path</styleUrl>
					<LookAt>
						<longitude>25.72237</longitude>
						<latitude>-33.30354</latitude>
						<altitude>0</altitude>
						<altitudeMode>clampToGround</altitudeMode>
						<heading>219.35180617153867</heading>
						<range>2278.8845881631323</range>
						<tilt>68</tilt>
					</LookAt>
					<LineString>
						<altitudeMode>clampToGround</altitudeMode>
						<tessellate>1</tessellate>
						<coordinates>
							25.73183,-33.31005,0
								25.73171,-33.30996,0
								25.71303,-33.29711,0
							 25.71291,-33.29702,0
						</coordinates>
					</LineString>
				</Placemark>
				<Placemark id="end_140349983685856">
					<name>Tower</name>
					<styleUrl>#antenna</styleUrl>
					<Point>
						<altitudeMode>relativeToGround</altitudeMode>
						<extrude>1</extrude>
						<coordinates>
							25.73183,-33.31005,15.0
						</coordinates>
					</Point>
					<LookAt>
						<longitude>25.73183</longitude>
						<latitude>-33.31005</latitude>
						<altitude>15.0</altitude>
						<altitudeMode>clampToGround</altitudeMode>
						<heading>305.35180617153867</heading>
						<range>327.88845881631323</range>
						<tilt>68</tilt>
					</LookAt>
				</Placemark>
                <Placemark>
                    <name>Hp2</name>
                    <styleUrl>#msn_triangle</styleUrl>
                    <LookAt>
                        <longitude>25.73171</longitude>
                        <latitude>-33.30996</latitude>
                        <altitude>0</altitude>
                        <altitudeMode>clampToGround</altitudeMode>
                        <heading>219.35180617153867</heading>
                        <range>500</range>
                        <tilt>68</tilt>
                    </LookAt>
                    <Point>
                        <coordinates>
                            25.73171,-33.30996,694.4601796459075
                        </coordinates>
                    </Point>
                </Placemark><Placemark>
                    <name>Hp1</name>
                    <styleUrl>#msn_triangle</styleUrl>
                    <LookAt>
                        <longitude>25.71303</longitude>
                        <latitude>-33.29711</latitude>
                        <altitude>0</altitude>
                        <altitudeMode>clampToGround</altitudeMode>
                        <heading>219.35180617153867</heading>
                        <range>500</range>
                        <tilt>68</tilt>
                    </LookAt>
                    <Point>
                        <coordinates>
                            25.71303,-33.29711,640.2928456057685
                        </coordinates>
                    </Point>
                </Placemark>
				<Placemark id="end_140349983552960">
					<name>Staff 1</name>
					<styleUrl>#antenna</styleUrl>
					<Point>
						<altitudeMode>relativeToGround</altitudeMode>
						<extrude>1</extrude>
						<coordinates>
							25.71291,-33.29702,10
						</coordinates>
					</Point>
					<LookAt>
						<longitude>25.71291</longitude>
						<latitude>-33.29702</latitude>
						<altitude>10</altitude>
						<altitudeMode>clampToGround</altitudeMode>
						<heading>125.36219465902067</heading>
						<range>327.88845881631323</range>
						<tilt>68</tilt>
					</LookAt>
				</Placemark>
			</Folder><Folder>
				<name>Tower : 000 to Staff 2</name>
				<description></description>
				<LookAt>
					<longitude>25.72211</longitude>
					<latitude>-33.30345</latitude>
					<altitude>0</altitude>
					<altitudeMode>clampToGround</altitudeMode>
					<heading>218.9690647841545</heading>
					<range>2327.6198818155517</range>
					<tilt>68</tilt>
				</LookAt>
                <Placemark>
                    <name>Vertical Fresnel</name>
                    <styleUrl>#pvertical_fresnel</styleUrl>
                    <LookAt>
                        <longitude>25.72211</longitude>
                        <latitude>-33.30345</latitude>
                        <altitude>0</altitude>
                        <altitudeMode>clampToGround</altitudeMode>
                        <heading>218.9690647841545</heading>
                        <range>2327.6198818155517</range>
                        <tilt>68</tilt>
                    </LookAt>
                    <Polygon>
                        <extrude>0</extrude>
                        <altitudeMode>absolute</altitudeMode>
                        <outerBoundaryIs>
                            <LinearRing>
                            <coordinates>
                              25.73183,-33.31005,710.2322870326358
                              25.7318,-33.31003,709.8862713598193
                              25.73171,-33.30997,709.3667551441699
                              25.73156,-33.30987,708.6769413759151
                              25.73135,-33.30973,707.8210829863227
                              25.73109,-33.30955,706.8044566269659
                              25.73077,-33.30933,705.6333301374132
                              25.7304,-33.30908,704.3149239019115
                              25.72997,-33.30879,702.8573663333171
                              25.7295,-33.30847,701.2696437587277
                              25.72898,-33.30812,699.561545015787
                              25.72842,-33.30774,697.7436011012454
                              25.72782,-33.30733,695.8270202438642
                              25.72719,-33.3069,693.8236188019566
                              25.72652,-33.30645,691.7457484116106
                              25.72583,-33.30598,689.6062198347449
                              25.72512,-33.30549,687.4182239765012
                              25.72438,-33.30499,685.1952505589278
                              25.72363,-33.30448,682.9510049523581
                              25.72288,-33.30397,680.6993236772437
                              25.72211,-33.30345,678.4540890974058
                              25.72135,-33.30293,676.2291438306455
                              25.72059,-33.30242,674.0382054044015
                              25.71985,-33.30191,671.8947816826328
                              25.71911,-33.30141,669.8120875853446
                              25.7184,-33.30092,667.8029636142129
                              25.7177,-33.30045,665.8797966866211
                              25.71704,-33.3,664.054443766196
                              25.7164,-33.29957,662.3381587606831
                              25.71581,-33.29916,660.7415231378642
                              25.71525,-33.29878,659.2743806872892
                              25.71473,-33.29843,657.9457768300404
                              25.71426,-33.29811,656.7639028507032
                              25.71383,-33.29782,655.7360453953731
                              25.71346,-33.29757,654.8685415470597
                              25.71314,-33.29735,654.1667397554621
                              25.71288,-33.29717,653.6349668619984
                              25.71267,-33.29703,653.2765014233889
                              25.71252,-33.29693,653.0935534982647
                              25.71243,-33.29687,653.0872510214206
                              25.7124,-33.29685,653.2575670380355
                              25.7124,-33.29685,653.2576329696891
                              25.71243,-33.29687,653.6035383318458
                              25.71252,-33.29693,654.1230107286227
                              25.71267,-33.29703,654.8127816282652
                              25.71288,-33.29717,655.6685983638046
                              25.71314,-33.29735,656.6851845404784
                              25.71346,-33.29757,657.8562725664585
                              25.71383,-33.29782,659.1746422946383
                              25.71426,-33.29811,660.6321655372409
                              25.71473,-33.29843,662.2198561788002
                              25.71525,-33.29878,663.9279255785503
                              25.71581,-33.29916,665.7458429206512
                              25.7164,-33.29957,667.6624001401696
                              25.71704,-33.3,669.6657810245273
                              25.7177,-33.30045,671.7436340643808
                              25.7184,-33.30092,673.8831486047828
                              25.71911,-33.30141,676.0711338271311
                              25.71985,-33.30191,678.2941000749511
                              25.72059,-33.30242,680.5383420221134
                              25.72135,-33.30293,682.790023170728
                              25.72211,-33.30345,685.0352611577532
                              25.72288,-33.30397,687.260213344382
                              25.72363,-33.30448,689.4511621605122
                              25.72438,-33.30499,691.5945996781276
                              25.72512,-33.30549,693.677310892167
                              25.72583,-33.30598,695.6864551954241
                              25.72652,-33.30645,697.609645545161
                              25.72719,-33.3069,699.4350248333458
                              25.72782,-33.30733,701.1513389896669
                              25.72842,-33.30774,702.7480063666179
                              25.72898,-33.30812,704.2151829788743
                              25.7295,-33.30847,705.5438231947356
                              25.72997,-33.30879,706.7257355054538
                              25.7304,-33.30908,707.753633028607
                              25.73077,-33.30933,708.6211784341547
                              25.73109,-33.30955,709.3230230161835
                              25.73135,-33.30973,709.8548396694581
                              25.73156,-33.30987,710.2133495674642
                              25.73171,-33.30997,710.396342377464
                              25.7318,-33.31003,710.4026898879323
                              25.73183,-33.31005,710.2323529643578
                            </coordinates>
                            </LinearRing>
                        </outerBoundaryIs>
                    </Polygon>
                </Placemark>
                <Placemark>
                    <name>Ground Fresnel</name>
                    <styleUrl>#ground_fresnel</styleUrl>
                    <LookAt>
                        <longitude>25.72211</longitude>
                        <latitude>-33.30345</latitude>
                        <altitude>0</altitude>
                        <altitudeMode>clampToGround</altitudeMode>
                        <heading>218.9690647841545</heading>
                        <range>2327.6198818155517</range>
                        <tilt>68</tilt>
                    </LookAt>
                    <visibility>1</visibility>
                    <Polygon>
                      <extrude>0</extrude>
                      <tessellate>1</tessellate>
                      <altitudeMode>clampToGround </altitudeMode>
                      <outerBoundaryIs>
                        <LinearRing>
                          <coordinates>
                              25.73183,-33.31005,0
                              25.7318,-33.31003,0
                              25.73171,-33.30997,0
                              25.73155,-33.30988,0
                              25.73134,-33.30974,0
                              25.73108,-33.30956,0
                              25.73076,-33.30934,0
                              25.73039,-33.30909,0
                              25.72996,-33.3088,0
                              25.72949,-33.30848,0
                              25.72896,-33.30814,0
                              25.7284,-33.30776,0
                              25.7278,-33.30735,0
                              25.72717,-33.30692,0
                              25.7265,-33.30647,0
                              25.72581,-33.306,0
                              25.7251,-33.30551,0
                              25.72436,-33.30501,0
                              25.72361,-33.3045,0
                              25.72286,-33.30399,0
                              25.72209,-33.30347,0
                              25.72133,-33.30295,0
                              25.72057,-33.30244,0
                              25.71983,-33.30193,0
                              25.71909,-33.30143,0
                              25.71838,-33.30094,0
                              25.71768,-33.30047,0
                              25.71702,-33.30002,0
                              25.71638,-33.29959,0
                              25.71579,-33.29918,0
                              25.71523,-33.2988,0
                              25.71472,-33.29844,0
                              25.71425,-33.29812,0
                              25.71382,-33.29783,0
                              25.71345,-33.29758,0
                              25.71313,-33.29736,0
                              25.71287,-33.29718,0
                              25.71266,-33.29704,0
                              25.71252,-33.29693,0
                              25.71243,-33.29687,0
                              25.7124,-33.29685,0
                              25.7124,-33.29685,0
                              25.71243,-33.29687,0
                              25.71252,-33.29693,0
                              25.71268,-33.29702,0
                              25.71289,-33.29716,0
                              25.71315,-33.29734,0
                              25.71347,-33.29756,0
                              25.71384,-33.29781,0
                              25.71427,-33.2981,0
                              25.71474,-33.29842,0
                              25.71527,-33.29876,0
                              25.71583,-33.29914,0
                              25.71642,-33.29955,0
                              25.71706,-33.29998,0
                              25.71772,-33.30043,0
                              25.71842,-33.3009,0
                              25.71913,-33.30139,0
                              25.71987,-33.30189,0
                              25.72061,-33.3024,0
                              25.72137,-33.30291,0
                              25.72213,-33.30343,0
                              25.7229,-33.30395,0
                              25.72365,-33.30446,0
                              25.7244,-33.30497,0
                              25.72514,-33.30547,0
                              25.72585,-33.30596,0
                              25.72654,-33.30643,0
                              25.72721,-33.30688,0
                              25.72784,-33.30731,0
                              25.72844,-33.30772,0
                              25.729,-33.3081,0
                              25.72951,-33.30846,0
                              25.72998,-33.30878,0
                              25.73041,-33.30907,0
                              25.73078,-33.30932,0
                              25.7311,-33.30954,0
                              25.73136,-33.30972,0
                              25.73157,-33.30986,0
                              25.73171,-33.30997,0
                              25.7318,-33.31003,0
                              25.73183,-33.31005,0
                          </coordinates>
                        </LinearRing>
                      </outerBoundaryIs>
                    </Polygon>
                </Placemark>
				<Placemark>
					<name>LoS</name>
					<styleUrl>#los_path_#ff0000</styleUrl>
					<LookAt>
						<longitude>25.72211</longitude>
						<latitude>-33.30345</latitude>
						<altitude>0</altitude>
						<altitudeMode>clampToGround</altitudeMode>
						<heading>218.9690647841545</heading>
						<range>2327.6198818155517</range>
						<tilt>68</tilt>
					</LookAt>
					<LineString>
						<altitudeMode>relativeToGround</altitudeMode>
						<coordinates>
							25.73183,-33.31005,15.0
                            25.7124,-33.29685,10
						</coordinates>
					</LineString>
				</Placemark>
				<Placemark>
					<name>Ground</name>
					<styleUrl>#ground_path</styleUrl>
					<LookAt>
						<longitude>25.72211</longitude>
						<latitude>-33.30345</latitude>
						<altitude>0</altitude>
						<altitudeMode>clampToGround</altitudeMode>
						<heading>218.9690647841545</heading>
						<range>2327.6198818155517</range>
						<tilt>68</tilt>
					</LookAt>
					<LineString>
						<altitudeMode>clampToGround</altitudeMode>
						<tessellate>1</tessellate>
						<coordinates>
							25.73183,-33.31005,0
								25.73171,-33.30997,0
								25.71252,-33.29693,0
							 25.7124,-33.29685,0
						</coordinates>
					</LineString>
				</Placemark>
				<Placemark id="end_140349983685856">
					<name>Tower</name>
					<styleUrl>#antenna</styleUrl>
					<Point>
						<altitudeMode>relativeToGround</altitudeMode>
						<extrude>1</extrude>
						<coordinates>
							25.73183,-33.31005,15.0
						</coordinates>
					</Point>
					<LookAt>
						<longitude>25.73183</longitude>
						<latitude>-33.31005</latitude>
						<altitude>15.0</altitude>
						<altitudeMode>clampToGround</altitudeMode>
						<heading>304.9690647841545</heading>
						<range>332.7619881815552</range>
						<tilt>68</tilt>
					</LookAt>
				</Placemark>
                <Placemark>
                    <name>Hp2</name>
                    <styleUrl>#msn_triangle</styleUrl>
                    <LookAt>
                        <longitude>25.73171</longitude>
                        <latitude>-33.30997</latitude>
                        <altitude>0</altitude>
                        <altitudeMode>clampToGround</altitudeMode>
                        <heading>218.9690647841545</heading>
                        <range>500</range>
                        <tilt>68</tilt>
                    </LookAt>
                    <Point>
                        <coordinates>
                            25.73171,-33.30997,694.4902472283413
                        </coordinates>
                    </Point>
                </Placemark><Placemark>
                    <name>Hp1</name>
                    <styleUrl>#msn_triangle</styleUrl>
                    <LookAt>
                        <longitude>25.71252</longitude>
                        <latitude>-33.29693</latitude>
                        <altitude>0</altitude>
                        <altitudeMode>clampToGround</altitudeMode>
                        <heading>218.9690647841545</heading>
                        <range>500</range>
                        <tilt>68</tilt>
                    </LookAt>
                    <Point>
                        <coordinates>
                            25.71252,-33.29693,642.8496333261712
                        </coordinates>
                    </Point>
                </Placemark>
				<Placemark id="end_140349974978176">
					<name>Staff 2</name>
					<styleUrl>#antenna</styleUrl>
					<Point>
						<altitudeMode>relativeToGround</altitudeMode>
						<extrude>1</extrude>
						<coordinates>
							25.7124,-33.29685,10
						</coordinates>
					</Point>
					<LookAt>
						<longitude>25.7124</longitude>
						<latitude>-33.29685</latitude>
						<altitude>10</altitude>
						<altitudeMode>clampToGround</altitudeMode>
						<heading>124.97973327549042</heading>
						<range>332.7619881815552</range>
						<tilt>68</tilt>
					</LookAt>
				</Placemark>
			</Folder><Folder>
				<name>Tower : 000 to Staff 3</name>
				<description></description>
				<LookAt>
					<longitude>25.72088</longitude>
					<latitude>-33.30287</latitude>
					<altitude>0</altitude>
					<altitudeMode>clampToGround</altitudeMode>
					<heading>218.01124087179602</heading>
					<range>2587.722050497492</range>
					<tilt>68</tilt>
				</LookAt>
                <Placemark>
                    <name>Vertical Fresnel</name>
                    <styleUrl>#pvertical_fresnel</styleUrl>
                    <LookAt>
                        <longitude>25.72088</longitude>
                        <latitude>-33.30287</latitude>
                        <altitude>0</altitude>
                        <altitudeMode>clampToGround</altitudeMode>
                        <heading>218.01124087179602</heading>
                        <range>2587.722050497492</range>
                        <tilt>68</tilt>
                    </LookAt>
                    <Polygon>
                        <extrude>0</extrude>
                        <altitudeMode>absolute</altitudeMode>
                        <outerBoundaryIs>
                            <LinearRing>
                            <coordinates>
                              25.73183,-33.31005,710.2322852431404
                              25.7318,-33.31003,709.8953351303755
                              25.7317,-33.30996,709.4310342590676
                              25.73153,-33.30985,708.8422451984854
                              25.73129,-33.3097,708.1325980289798
                              25.731,-33.3095,707.3064679613325
                              25.73064,-33.30927,706.3689483621263
                              25.73022,-33.30899,705.3258193514475
                              25.72974,-33.30868,704.1835121665225
                              25.72921,-33.30833,702.9490695110019
                              25.72862,-33.30795,701.6301021343511
                              25.72799,-33.30753,700.2347419090479
                              25.72732,-33.30709,698.771591694886
                              25.7266,-33.30662,697.2496722994824
                              25.72585,-33.30613,695.6783668619993
                              25.72507,-33.30561,694.067363002971
                              25.72427,-33.30509,692.4265930969013
                              25.72344,-33.30454,690.7661730358727
                              25.7226,-33.30399,689.0963398617072
                              25.72174,-33.30343,687.4273886511991
                              25.72088,-33.30287,685.769609043544
                              25.72003,-33.3023,684.1332218012907
                              25.71917,-33.30174,682.5283157959418
                              25.71833,-33.30119,680.9647858067054
                              25.7175,-33.30065,679.4522715158919
                              25.7167,-33.30012,678.000098077066
                              25.71592,-33.2996,676.6172186223748
                              25.71517,-33.29911,675.3121590635108
                              25.71445,-33.29864,674.0929655266302
                              25.71378,-33.2982,672.9671547453113
                              25.71315,-33.29778,671.9416677173909
                              25.71256,-33.2974,671.0228269114051
                              25.71203,-33.29705,670.2162972864684
                              25.71155,-33.29674,669.5270513659169
                              25.71113,-33.29646,668.9593385800483
                              25.71077,-33.29623,668.5166590669712
                              25.71048,-33.29603,668.2017420930895
                              25.71024,-33.29588,668.0165292262676
                              25.71007,-33.29577,667.9621623654193
                              25.70997,-33.2957,668.0389767003203
                              25.70994,-33.29568,668.2464292535352
                              25.70994,-33.29568,668.2464987651107
                              25.70997,-33.2957,668.5833467585473
                              25.71007,-33.29577,669.0476155316424
                              25.71024,-33.29588,669.6363733215068
                              25.71048,-33.29603,670.3459902405846
                              25.71077,-33.29623,671.1720912645981
                              25.71113,-33.29646,672.1095832060275
                              25.71155,-33.29674,673.1526861153067
                              25.71203,-33.29705,674.2949689161325
                              25.71256,-33.2974,675.5293890551906
                              25.71315,-33.29778,676.848335921837
                              25.71378,-33.2982,678.243677770045
                              25.71445,-33.29864,679.7068118533218
                              25.71517,-33.29911,681.2287174635026
                              25.71592,-33.2996,682.8000115464156
                              25.7167,-33.30012,684.4110065515315
                              25.7175,-33.30065,686.0517701589336
                              25.71833,-33.30119,687.7121865153728
                              25.71917,-33.30174,689.3820186018672
                              25.72003,-33.3023,691.0509713483281
                              25.72088,-33.30287,692.7087551060904
                              25.72174,-33.30343,694.3451490870187
                              25.7226,-33.30399,695.9500643780642
                              25.72344,-33.30454,697.513606142769
                              25.72427,-33.30509,699.0261346262234
                              25.72507,-33.30561,700.4783245873602
                              25.72585,-33.30613,701.8612227921668
                              25.7266,-33.30662,703.1663032133501
                              25.72732,-33.30709,704.3855195961305
                              25.72799,-33.30753,705.5113550660774
                              25.72862,-33.30795,706.5368684731402
                              25.72921,-33.30833,707.4557371861467
                              25.72974,-33.30868,708.2622960739264
                              25.73022,-33.30899,708.951572432728
                              25.73064,-33.30927,709.5193166445918
                              25.731,-33.3095,709.9620283776575
                              25.73129,-33.3097,710.2769781668744
                              25.73153,-33.30985,710.4622242420603
                              25.7317,-33.30996,710.5166244995613
                              25.7318,-33.31003,710.4398435436999
                              25.73183,-33.31005,710.2323547546026
                            </coordinates>
                            </LinearRing>
                        </outerBoundaryIs>
                    </Polygon>
                </Placemark>
                <Placemark>
                    <name>Ground Fresnel</name>
                    <styleUrl>#ground_fresnel</styleUrl>
                    <LookAt>
                        <longitude>25.72088</longitude>
                        <latitude>-33.30287</latitude>
                        <altitude>0</altitude>
                        <altitudeMode>clampToGround</altitudeMode>
                        <heading>218.01124087179602</heading>
                        <range>2587.722050497492</range>
                        <tilt>68</tilt>
                    </LookAt>
                    <visibility>1</visibility>
                    <Polygon>
                      <extrude>0</extrude>
                      <tessellate>1</tessellate>
                      <altitudeMode>clampToGround </altitudeMode>
                      <outerBoundaryIs>
                        <LinearRing>
                          <coordinates>
                              25.73183,-33.31005,0
                              25.7318,-33.31003,0
                              25.7317,-33.30996,0
                              25.73152,-33.30986,0
                              25.73128,-33.30971,0
                              25.73099,-33.30951,0
                              25.73063,-33.30928,0
                              25.73021,-33.309,0
                              25.72973,-33.30869,0
                              25.7292,-33.30835,0
                              25.7286,-33.30797,0
                              25.72797,-33.30755,0
                              25.7273,-33.30711,0
                              25.72658,-33.30664,0
                              25.72583,-33.30615,0
                              25.72505,-33.30563,0
                              25.72425,-33.30511,0
                              25.72342,-33.30456,0
                              25.72258,-33.30401,0
                              25.72172,-33.30345,0
                              25.72086,-33.30289,0
                              25.72001,-33.30232,0
                              25.71915,-33.30176,0
                              25.71831,-33.30121,0
                              25.71748,-33.30067,0
                              25.71668,-33.30014,0
                              25.7159,-33.29962,0
                              25.71515,-33.29913,0
                              25.71443,-33.29866,0
                              25.71376,-33.29822,0
                              25.71313,-33.2978,0
                              25.71255,-33.29742,0
                              25.71202,-33.29706,0
                              25.71154,-33.29675,0
                              25.71112,-33.29647,0
                              25.71076,-33.29624,0
                              25.71047,-33.29604,0
                              25.71023,-33.29589,0
                              25.71007,-33.29577,0
                              25.70997,-33.2957,0
                              25.70994,-33.29568,0
                              25.70994,-33.29568,0
                              25.70997,-33.2957,0
                              25.71007,-33.29577,0
                              25.71025,-33.29587,0
                              25.71049,-33.29602,0
                              25.71078,-33.29622,0
                              25.71114,-33.29645,0
                              25.71156,-33.29673,0
                              25.71204,-33.29704,0
                              25.71257,-33.29738,0
                              25.71317,-33.29776,0
                              25.7138,-33.29818,0
                              25.71447,-33.29862,0
                              25.71519,-33.29909,0
                              25.71594,-33.29958,0
                              25.71672,-33.3001,0
                              25.71752,-33.30063,0
                              25.71835,-33.30117,0
                              25.71919,-33.30172,0
                              25.72005,-33.30228,0
                              25.7209,-33.30285,0
                              25.72176,-33.30341,0
                              25.72262,-33.30397,0
                              25.72346,-33.30452,0
                              25.72429,-33.30507,0
                              25.72509,-33.30559,0
                              25.72587,-33.30611,0
                              25.72662,-33.3066,0
                              25.72734,-33.30707,0
                              25.72801,-33.30751,0
                              25.72864,-33.30793,0
                              25.72922,-33.30831,0
                              25.72975,-33.30867,0
                              25.73023,-33.30898,0
                              25.73065,-33.30926,0
                              25.73101,-33.30949,0
                              25.7313,-33.30969,0
                              25.73154,-33.30984,0
                              25.7317,-33.30996,0
                              25.7318,-33.31003,0
                              25.73183,-33.31005,0
                          </coordinates>
                        </LinearRing>
                      </outerBoundaryIs>
                    </Polygon>
                </Placemark>
				<Placemark>
					<name>LoS</name>
					<styleUrl>#los_path_#ff0000</styleUrl>
					<LookAt>
						<longitude>25.72088</longitude>
						<latitude>-33.30287</latitude>
						<altitude>0</altitude>
						<altitudeMode>clampToGround</altitudeMode>
						<heading>218.01124087179602</heading>
						<range>2587.722050497492</range>
						<tilt>68</tilt>
					</LookAt>
					<LineString>
						<altitudeMode>relativeToGround</altitudeMode>
						<coordinates>
							25.73183,-33.31005,15.0
                            25.70994,-33.29568,10
						</coordinates>
					</LineString>
				</Placemark>
				<Placemark>
					<name>Ground</name>
					<styleUrl>#ground_path</styleUrl>
					<LookAt>
						<longitude>25.72088</longitude>
						<latitude>-33.30287</latitude>
						<altitude>0</altitude>
						<altitudeMode>clampToGround</altitudeMode>
						<heading>218.01124087179602</heading>
						<range>2587.722050497492</range>
						<tilt>68</tilt>
					</LookAt>
					<LineString>
						<altitudeMode>clampToGround</altitudeMode>
						<tessellate>1</tessellate>
						<coordinates>
							25.73183,-33.31005,0
								25.71019,-33.29585,0
								25.71007,-33.29576,0
							 25.70994,-33.29568,0
						</coordinates>
					</LineString>
				</Placemark>
				<Placemark id="end_140349983685856">
					<name>Tower</name>
					<styleUrl>#antenna</styleUrl>
					<Point>
						<altitudeMode>relativeToGround</altitudeMode>
						<extrude>1</extrude>
						<coordinates>
							25.73183,-33.31005,15.0
						</coordinates>
					</Point>
					<LookAt>
						<longitude>25.73183</longitude>
						<latitude>-33.31005</latitude>
						<altitude>15.0</altitude>
						<altitudeMode>clampToGround</altitudeMode>
						<heading>304.011240871796</heading>
						<range>358.77220504974923</range>
						<tilt>68</tilt>
					</LookAt>
				</Placemark>
                <Placemark>
                    <name>Hp2</name>
                    <styleUrl>#msn_triangle</styleUrl>
                    <LookAt>
                        <longitude>25.71019</longitude>
                        <latitude>-33.29585</latitude>
                        <altitude>0</altitude>
                        <altitudeMode>clampToGround</altitudeMode>
                        <heading>218.01124087179596</heading>
                        <range>500</range>
                        <tilt>68</tilt>
                    </LookAt>
                    <Point>
                        <coordinates>
                            25.71019,-33.29585,657.9310611558471
                        </coordinates>
                    </Point>
                </Placemark><Placemark>
                    <name>Hp1</name>
                    <styleUrl>#msn_triangle</styleUrl>
                    <LookAt>
                        <longitude>25.71007</longitude>
                        <latitude>-33.29576</latitude>
                        <altitude>0</altitude>
                        <altitudeMode>clampToGround</altitudeMode>
                        <heading>218.01124087179596</heading>
                        <range>500</range>
                        <tilt>68</tilt>
                    </LookAt>
                    <Point>
                        <coordinates>
                            25.71007,-33.29576,658.0887625820602
                        </coordinates>
                    </Point>
                </Placemark>
				<Placemark id="end_140349981222976">
					<name>Staff 3</name>
					<styleUrl>#antenna</styleUrl>
					<Point>
						<altitudeMode>relativeToGround</altitudeMode>
						<extrude>1</extrude>
						<coordinates>
							25.70994,-33.29568,10
						</coordinates>
					</Point>
					<LookAt>
						<longitude>25.70994</longitude>
						<latitude>-33.29568</latitude>
						<altitude>10</altitude>
						<altitudeMode>clampToGround</altitudeMode>
						<heading>124.02325989632502</heading>
						<range>358.77220504974923</range>
						<tilt>68</tilt>
					</LookAt>
				</Placemark>
			</Folder><Folder>
				<name>Tower : 000 to Staff 4</name>
				<description></description>
				<LookAt>
					<longitude>25.71995</longitude>
					<latitude>-33.30179</latitude>
					<altitude>0</altitude>
					<altitudeMode>clampToGround</altitudeMode>
					<heading>219.6179870192761</heading>
					<range>2872.9444906709045</range>
					<tilt>68</tilt>
				</LookAt>
                <Placemark>
                    <name>Vertical Fresnel</name>
                    <styleUrl>#pvertical_fresnel</styleUrl>
                    <LookAt>
                        <longitude>25.71995</longitude>
                        <latitude>-33.30179</latitude>
                        <altitude>0</altitude>
                        <altitudeMode>clampToGround</altitudeMode>
                        <heading>219.6179870192761</heading>
                        <range>2872.9444906709045</range>
                        <tilt>68</tilt>
                    </LookAt>
                    <Polygon>
                        <extrude>0</extrude>
                        <altitudeMode>absolute</altitudeMode>
                        <outerBoundaryIs>
                            <LinearRing>
                            <coordinates>
                              25.73183,-33.31005,710.2322833813023
                              25.73179,-33.31002,709.899084360184
                              25.73168,-33.30995,709.4752245901515
                              25.7315,-33.30982,708.9633173076363
                              25.73125,-33.30965,708.3665185912615
                              25.73093,-33.30942,707.6885079035692
                              25.73053,-33.30915,706.9334654059105
                              25.73008,-33.30883,706.1060461863607
                              25.72956,-33.30847,705.211351559553
                              25.72898,-33.30807,704.2548976153779
                              25.72835,-33.30763,703.2425812104543
                              25.72766,-33.30715,702.1806436120481
                              25.72693,-33.30665,701.0756320185834
                              25.72616,-33.30611,699.9343591939878
                              25.72534,-33.30554,698.7638614647364
                              25.7245,-33.30495,697.5713553385601
                              25.72362,-33.30434,696.3641930122753
                              25.72272,-33.30372,695.1498170430458
                              25.72181,-33.30308,693.9357144625429
                              25.72088,-33.30244,692.7293706169055
                              25.71995,-33.30179,691.5382230170919
                              25.71902,-33.30114,690.3696154841517
                              25.71809,-33.3005,689.230752872127
                              25.71718,-33.29986,688.1286566477312
                              25.71628,-33.29924,687.0701216006718
                              25.7154,-33.29863,686.0616739515126
                              25.71456,-33.29804,685.1095311153534
                              25.71374,-33.29747,684.2195633693989
                              25.71297,-33.29694,683.3972576607473
                              25.71223,-33.29643,682.6476837775367
                              25.71155,-33.29595,681.9754630920156
                              25.71092,-33.29551,681.3847400682464
                              25.71034,-33.29511,680.8791567101061
                              25.70982,-33.29475,680.461830107121
                              25.70936,-33.29443,680.1353332165738
                              25.70897,-33.29416,679.9016790003658
                              25.70865,-33.29393,679.762308014438
                              25.7084,-33.29376,679.718079527264
                              25.70822,-33.29363,679.7692662221749
                              25.70811,-33.29356,679.9155525161752
                              25.70807,-33.29353,680.1559633898624
                              25.70807,-33.29353,680.1560366256411
                              25.70811,-33.29356,680.4891391587889
                              25.70822,-33.29363,680.9129761514843
                              25.7084,-33.29376,681.4248613919727
                              25.70865,-33.29393,682.0216389375272
                              25.70897,-33.29416,682.699629456131
                              25.70936,-33.29443,683.4546529107818
                              25.70982,-33.29475,684.2820543308113
                              25.71034,-33.29511,685.1767325113258
                              25.71092,-33.29551,686.133171463832
                              25.71155,-33.29595,687.1454744241394
                              25.71223,-33.29643,688.2074002078728
                              25.71297,-33.29694,689.3124016894492
                              25.71374,-33.29747,690.4536661672846
                              25.71456,-33.29804,691.6241573663641
                              25.7154,-33.29863,692.8166588192175
                              25.71628,-33.29924,694.0238183578412
                              25.71718,-33.29986,695.238193442258
                              25.71809,-33.3005,696.452297046252
                              25.71902,-33.30114,697.6586438173741
                              25.71995,-33.30179,698.8497962266292
                              25.72088,-33.30244,700.018410423316
                              25.72181,-33.30308,701.1572815123085
                              25.72272,-33.30372,702.2593879746295
                              25.72362,-33.30434,703.3179349574516
                              25.7245,-33.30495,704.3263961666228
                              25.72534,-33.30554,705.2785541034415
                              25.72616,-33.30611,706.1685383976023
                              25.72693,-33.30665,706.990861999982
                              25.72766,-33.30715,707.7404550121217
                              25.72835,-33.30763,708.4126959438363
                              25.72898,-33.30807,709.0034402062394
                              25.72956,-33.30847,709.5090456645104
                              25.73008,-33.30883,709.9263950928686
                              25.73053,-33.30915,710.2529153933051
                              25.73093,-33.30942,710.4865934595889
                              25.73125,-33.30965,710.6259885887354
                              25.7315,-33.30982,710.6702413634198
                              25.73168,-33.30995,710.6190789505707
                              25.73179,-33.31002,710.4728167834766
                              25.73183,-33.31005,710.2323566170362
                            </coordinates>
                            </LinearRing>
                        </outerBoundaryIs>
                    </Polygon>
                </Placemark>
                <Placemark>
                    <name>Ground Fresnel</name>
                    <styleUrl>#ground_fresnel</styleUrl>
                    <LookAt>
                        <longitude>25.71995</longitude>
                        <latitude>-33.30179</latitude>
                        <altitude>0</altitude>
                        <altitudeMode>clampToGround</altitudeMode>
                        <heading>219.6179870192761</heading>
                        <range>2872.9444906709045</range>
                        <tilt>68</tilt>
                    </LookAt>
                    <visibility>1</visibility>
                    <Polygon>
                      <extrude>0</extrude>
                      <tessellate>1</tessellate>
                      <altitudeMode>clampToGround </altitudeMode>
                      <outerBoundaryIs>
                        <LinearRing>
                          <coordinates>
                              25.73183,-33.31005,0
                              25.73179,-33.31002,0
                              25.73168,-33.30995,0
                              25.73149,-33.30983,0
                              25.73124,-33.30966,0
                              25.73092,-33.30943,0
                              25.73052,-33.30916,0
                              25.73007,-33.30884,0
                              25.72955,-33.30848,0
                              25.72896,-33.30809,0
                              25.72833,-33.30765,0
                              25.72764,-33.30717,0
                              25.72691,-33.30667,0
                              25.72614,-33.30613,0
                              25.72532,-33.30556,0
                              25.72448,-33.30497,0
                              25.7236,-33.30436,0
                              25.7227,-33.30374,0
                              25.72179,-33.30311,0
                              25.72086,-33.30247,0
                              25.71992,-33.30182,0
                              25.719,-33.30117,0
                              25.71807,-33.30053,0
                              25.71716,-33.29988,0
                              25.71626,-33.29926,0
                              25.71538,-33.29865,0
                              25.71454,-33.29806,0
                              25.71372,-33.29749,0
                              25.71295,-33.29696,0
                              25.71221,-33.29645,0
                              25.71153,-33.29597,0
                              25.7109,-33.29553,0
                              25.71033,-33.29512,0
                              25.70981,-33.29476,0
                              25.70935,-33.29444,0
                              25.70896,-33.29417,0
                              25.70864,-33.29394,0
                              25.70839,-33.29377,0
                              25.70822,-33.29363,0
                              25.70811,-33.29356,0
                              25.70807,-33.29353,0
                              25.70807,-33.29353,0
                              25.70811,-33.29356,0
                              25.70822,-33.29363,0
                              25.70841,-33.29375,0
                              25.70866,-33.29392,0
                              25.70898,-33.29415,0
                              25.70937,-33.29442,0
                              25.70983,-33.29474,0
                              25.71035,-33.2951,0
                              25.71094,-33.29549,0
                              25.71157,-33.29593,0
                              25.71225,-33.29641,0
                              25.71299,-33.29692,0
                              25.71376,-33.29745,0
                              25.71458,-33.29802,0
                              25.71542,-33.29861,0
                              25.7163,-33.29922,0
                              25.7172,-33.29984,0
                              25.71811,-33.30047,0
                              25.71904,-33.30111,0
                              25.71998,-33.30176,0
                              25.7209,-33.30241,0
                              25.72183,-33.30305,0
                              25.72274,-33.3037,0
                              25.72364,-33.30432,0
                              25.72452,-33.30493,0
                              25.72536,-33.30552,0
                              25.72618,-33.30609,0
                              25.72695,-33.30663,0
                              25.72768,-33.30713,0
                              25.72837,-33.30761,0
                              25.729,-33.30805,0
                              25.72957,-33.30846,0
                              25.73009,-33.30882,0
                              25.73054,-33.30914,0
                              25.73094,-33.30941,0
                              25.73126,-33.30964,0
                              25.73151,-33.30981,0
                              25.73168,-33.30995,0
                              25.73179,-33.31002,0
                              25.73183,-33.31005,0
                          </coordinates>
                        </LinearRing>
                      </outerBoundaryIs>
                    </Polygon>
                </Placemark>
				<Placemark>
					<name>LoS</name>
					<styleUrl>#los_path_#ff0000</styleUrl>
					<LookAt>
						<longitude>25.71995</longitude>
						<latitude>-33.30179</latitude>
						<altitude>0</altitude>
						<altitudeMode>clampToGround</altitudeMode>
						<heading>219.6179870192761</heading>
						<range>2872.9444906709045</range>
						<tilt>68</tilt>
					</LookAt>
					<LineString>
						<altitudeMode>relativeToGround</altitudeMode>
						<coordinates>
							25.73183,-33.31005,15.0
                            25.70807,-33.29353,10
						</coordinates>
					</LineString>
				</Placemark>
				<Placemark>
					<name>Ground</name>
					<styleUrl>#ground_path</styleUrl>
					<LookAt>
						<longitude>25.71995</longitude>
						<latitude>-33.30179</latitude>
						<altitude>0</altitude>
						<altitudeMode>clampToGround</altitudeMode>
						<heading>219.6179870192761</heading>
						<range>2872.9444906709045</range>
						<tilt>68</tilt>
					</LookAt>
					<LineString>
						<altitudeMode>clampToGround</altitudeMode>
						<tessellate>1</tessellate>
						<coordinates>
							25.73183,-33.31005,0
								25.73171,-33.30996,0
								25.70819,-33.29362,0
							 25.70807,-33.29353,0
						</coordinates>
					</LineString>
				</Placemark>
				<Placemark id="end_140349983685856">
					<name>Tower</name>
					<styleUrl>#antenna</styleUrl>
					<Point>
						<altitudeMode>relativeToGround</altitudeMode>
						<extrude>1</extrude>
						<coordinates>
							25.73183,-33.31005,15.0
						</coordinates>
					</Point>
					<LookAt>
						<longitude>25.73183</longitude>
						<latitude>-33.31005</latitude>
						<altitude>15.0</altitude>
						<altitudeMode>clampToGround</altitudeMode>
						<heading>305.6179870192761</heading>
						<range>387.29444906709045</range>
						<tilt>68</tilt>
					</LookAt>
				</Placemark>
                <Placemark>
                    <name>Hp2</name>
                    <styleUrl>#msn_triangle</styleUrl>
                    <LookAt>
                        <longitude>25.73171</longitude>
                        <latitude>-33.30996</latitude>
                        <altitude>0</altitude>
                        <altitudeMode>clampToGround</altitudeMode>
                        <heading>219.61798701927614</heading>
                        <range>500</range>
                        <tilt>68</tilt>
                    </LookAt>
                    <Point>
                        <coordinates>
                            25.73171,-33.30996,694.4409825688992
                        </coordinates>
                    </Point>
                </Placemark><Placemark>
                    <name>Hp1</name>
                    <styleUrl>#msn_triangle</styleUrl>
                    <LookAt>
                        <longitude>25.70819</longitude>
                        <latitude>-33.29362</latitude>
                        <altitude>0</altitude>
                        <altitudeMode>clampToGround</altitudeMode>
                        <heading>219.61798701927614</heading>
                        <range>500</range>
                        <tilt>68</tilt>
                    </LookAt>
                    <Point>
                        <coordinates>
                            25.70819,-33.29362,668.7122931543686
                        </coordinates>
                    </Point>
                </Placemark>
				<Placemark id="end_140349974971072">
					<name>Staff 4</name>
					<styleUrl>#antenna</styleUrl>
					<Point>
						<altitudeMode>relativeToGround</altitudeMode>
						<extrude>1</extrude>
						<coordinates>
							25.70807,-33.29353,10
						</coordinates>
					</Point>
					<LookAt>
						<longitude>25.70807</longitude>
						<latitude>-33.29353</latitude>
						<altitude>10</altitude>
						<altitudeMode>clampToGround</altitudeMode>
						<heading>125.6310324221117</heading>
						<range>387.29444906709045</range>
						<tilt>68</tilt>
					</LookAt>
				</Placemark>
			</Folder><Folder>
				<name>Tower : 000 to Staff 5</name>
				<description></description>
				<LookAt>
					<longitude>25.7199</longitude>
					<latitude>-33.30159</latitude>
					<altitude>0</altitude>
					<altitudeMode>clampToGround</altitudeMode>
					<heading>220.1907199535504</heading>
					<range>2909.267944713923</range>
					<tilt>68</tilt>
				</LookAt>
                <Placemark>
                    <name>Vertical Fresnel</name>
                    <styleUrl>#pvertical_fresnel</styleUrl>
                    <LookAt>
                        <longitude>25.7199</longitude>
                        <latitude>-33.30159</latitude>
                        <altitude>0</altitude>
                        <altitudeMode>clampToGround</altitudeMode>
                        <heading>220.1907199535504</heading>
                        <range>2909.267944713923</range>
                        <tilt>68</tilt>
                    </LookAt>
                    <Polygon>
                        <extrude>0</extrude>
                        <altitudeMode>absolute</altitudeMode>
                        <outerBoundaryIs>
                            <LinearRing>
                            <coordinates>
                              25.73183,-33.31005,710.2322831509548
                              25.73179,-33.31002,709.8992729898896
                              25.73168,-33.30995,709.4795926984601
                              25.7315,-33.30982,708.9758297452227
                              25.73125,-33.30964,708.3910899963021
                              25.73092,-33.30941,707.728978566696
                              25.73053,-33.30913,706.9935775935426
                              25.73007,-33.3088,706.1894210683865
                              25.72955,-33.30843,705.3214668836151
                              25.72897,-33.30802,704.3950662654013
                              25.72834,-33.30757,703.4159307816157
                              25.72765,-33.30708,702.3900971281116
                              25.72691,-33.30656,701.3238899104871
                              25.72613,-33.30601,700.2238826507888
                              25.72532,-33.30543,699.0968572595622
                              25.72446,-33.30482,697.9497622231182
                              25.72359,-33.3042,696.7896697638043
                              25.72268,-33.30356,695.6237322374021
                              25.72177,-33.30291,694.4591380364756
                              25.72083,-33.30225,693.3030672715398
                              25.7199,-33.30159,692.1626475032937
                              25.71896,-33.30092,691.0449097988361
                              25.71803,-33.30026,689.9567453828009
                              25.71711,-33.29961,688.9048631506643
                              25.71621,-33.29897,687.8957483061733
                              25.71533,-33.29835,686.9356223779095
                              25.71448,-33.29774,686.0304048614946
                              25.71367,-33.29716,685.1856767239328
                              25.71289,-33.29661,684.4066459950926
                              25.71215,-33.29609,683.6981156584716
                              25.71146,-33.2956,683.064454039205
                              25.71083,-33.29515,682.5095678718895
                              25.71025,-33.29474,682.0368782142651
                              25.70973,-33.29437,681.6492993552564
                              25.70927,-33.29404,681.3492208474121
                              25.70888,-33.29376,681.1384927745192
                              25.70855,-33.29353,681.0184143452215
                              25.7083,-33.29335,680.9897258829654
                              25.70812,-33.29322,681.052604261661
                              25.70801,-33.29315,681.2066618151944
                              25.70797,-33.29312,681.4508751509929
                              25.70797,-33.29312,681.4509488475533
                              25.70801,-33.29315,681.783863077274
                              25.70812,-33.29322,682.203521605331
                              25.7083,-33.29335,682.7072635208232
                              25.70855,-33.29353,683.2919830873299
                              25.70888,-33.29376,683.954075314285
                              25.70927,-33.29404,684.6894581829412
                              25.70973,-33.29437,685.4935978133734
                              25.71025,-33.29474,686.3615364173567
                              25.71083,-33.29515,687.2879228647786
                              25.71146,-33.2956,688.2670456751359
                              25.71215,-33.29609,689.2928682307115
                              25.71289,-33.29661,690.3590659943296
                              25.71367,-33.29716,691.4590655022307
                              25.71448,-33.29774,692.5860848916618
                              25.71533,-33.29835,693.7331757133148
                              25.71621,-33.29897,694.8932657708281
                              25.71711,-33.29961,696.0592027232279
                              25.71803,-33.30026,697.2237981814893
                              25.71896,-33.30092,698.3798720273447
                              25.7199,-33.30159,699.5202966811011
                              25.72083,-33.30225,700.6380410455382
                              25.72177,-33.30291,701.7262138549617
                              25.72268,-33.30356,702.7781061621471
                              25.72359,-33.3042,703.787232701231
                              25.72446,-33.30482,704.7473718715315
                              25.72532,-33.30543,705.6526040957848
                              25.72613,-33.30601,706.4973483163081
                              25.72691,-33.30656,707.2763964040763
                              25.72765,-33.30708,707.984945268568
                              25.72834,-33.30757,708.6186264704176
                              25.72897,-33.30802,709.173533154295
                              25.72955,-33.30843,709.6462441359693
                              25.73007,-33.3088,710.0338449950457
                              25.73053,-33.30913,710.3339460433378
                              25.73092,-33.30941,710.5446970580892
                              25.73125,-33.30964,710.6647986892121
                              25.7315,-33.30982,710.6935104702129
                              25.73168,-33.30995,710.6306553834139
                              25.73179,-33.31002,710.4766209513268
                              25.73183,-33.31005,710.2323568474485
                            </coordinates>
                            </LinearRing>
                        </outerBoundaryIs>
                    </Polygon>
                </Placemark>
                <Placemark>
                    <name>Ground Fresnel</name>
                    <styleUrl>#ground_fresnel</styleUrl>
                    <LookAt>
                        <longitude>25.7199</longitude>
                        <latitude>-33.30159</latitude>
                        <altitude>0</altitude>
                        <altitudeMode>clampToGround</altitudeMode>
                        <heading>220.1907199535504</heading>
                        <range>2909.267944713923</range>
                        <tilt>68</tilt>
                    </LookAt>
                    <visibility>1</visibility>
                    <Polygon>
                      <extrude>0</extrude>
                      <tessellate>1</tessellate>
                      <altitudeMode>clampToGround </altitudeMode>
                      <outerBoundaryIs>
                        <LinearRing>
                          <coordinates>
                              25.73183,-33.31005,0
                              25.73179,-33.31002,0
                              25.73168,-33.30995,0
                              25.73149,-33.30983,0
                              25.73124,-33.30965,0
                              25.73091,-33.30942,0
                              25.73052,-33.30914,0
                              25.73006,-33.30881,0
                              25.72954,-33.30844,0
                              25.72895,-33.30804,0
                              25.72832,-33.30759,0
                              25.72763,-33.3071,0
                              25.72689,-33.30658,0
                              25.72611,-33.30603,0
                              25.7253,-33.30545,0
                              25.72444,-33.30484,0
                              25.72357,-33.30422,0
                              25.72266,-33.30358,0
                              25.72174,-33.30294,0
                              25.7208,-33.30228,0
                              25.71987,-33.30162,0
                              25.71893,-33.30095,0
                              25.718,-33.30029,0
                              25.71709,-33.29963,0
                              25.71619,-33.29899,0
                              25.71531,-33.29837,0
                              25.71446,-33.29776,0
                              25.71365,-33.29718,0
                              25.71287,-33.29663,0
                              25.71213,-33.29611,0
                              25.71144,-33.29562,0
                              25.71081,-33.29517,0
                              25.71024,-33.29475,0
                              25.70972,-33.29438,0
                              25.70926,-33.29405,0
                              25.70887,-33.29377,0
                              25.70854,-33.29354,0
                              25.70829,-33.29336,0
                              25.70812,-33.29322,0
                              25.70801,-33.29315,0
                              25.70797,-33.29312,0
                              25.70797,-33.29312,0
                              25.70801,-33.29315,0
                              25.70812,-33.29322,0
                              25.70831,-33.29334,0
                              25.70856,-33.29352,0
                              25.70889,-33.29375,0
                              25.70928,-33.29403,0
                              25.70974,-33.29436,0
                              25.71026,-33.29473,0
                              25.71085,-33.29513,0
                              25.71148,-33.29558,0
                              25.71217,-33.29607,0
                              25.71291,-33.29659,0
                              25.71369,-33.29714,0
                              25.7145,-33.29772,0
                              25.71535,-33.29833,0
                              25.71623,-33.29895,0
                              25.71713,-33.29959,0
                              25.71806,-33.30023,0
                              25.71899,-33.30089,0
                              25.71993,-33.30156,0
                              25.72086,-33.30222,0
                              25.7218,-33.30288,0
                              25.7227,-33.30354,0
                              25.72361,-33.30418,0
                              25.72448,-33.3048,0
                              25.72534,-33.30541,0
                              25.72615,-33.30599,0
                              25.72693,-33.30654,0
                              25.72767,-33.30706,0
                              25.72836,-33.30755,0
                              25.72899,-33.308,0
                              25.72956,-33.30842,0
                              25.73008,-33.30879,0
                              25.73054,-33.30912,0
                              25.73093,-33.3094,0
                              25.73126,-33.30963,0
                              25.73151,-33.30981,0
                              25.73168,-33.30995,0
                              25.73179,-33.31002,0
                              25.73183,-33.31005,0
                          </coordinates>
                        </LinearRing>
                      </outerBoundaryIs>
                    </Polygon>
                </Placemark>
				<Placemark>
					<name>LoS</name>
					<styleUrl>#los_path_#ff0000</styleUrl>
					<LookAt>
						<longitude>25.7199</longitude>
						<latitude>-33.30159</latitude>
						<altitude>0</altitude>
						<altitudeMode>clampToGround</altitudeMode>
						<heading>220.1907199535504</heading>
						<range>2909.267944713923</range>
						<tilt>68</tilt>
					</LookAt>
					<LineString>
						<altitudeMode>relativeToGround</altitudeMode>
						<coordinates>
							25.73183,-33.31005,15.0
                            25.70797,-33.29312,10
						</coordinates>
					</LineString>
				</Placemark>
				<Placemark>
					<name>Ground</name>
					<styleUrl>#ground_path</styleUrl>
					<LookAt>
						<longitude>25.7199</longitude>
						<latitude>-33.30159</latitude>
						<altitude>0</altitude>
						<altitudeMode>clampToGround</altitudeMode>
						<heading>220.1907199535504</heading>
						<range>2909.267944713923</range>
						<tilt>68</tilt>
					</LookAt>
					<LineString>
						<altitudeMode>clampToGround</altitudeMode>
						<tessellate>1</tessellate>
						<coordinates>
							25.73183,-33.31005,0
								25.73171,-33.30996,0
								25.70809,-33.29321,0
							 25.70797,-33.29312,0
						</coordinates>
					</LineString>
				</Placemark>
				<Placemark id="end_140349983685856">
					<name>Tower</name>
					<styleUrl>#antenna</styleUrl>
					<Point>
						<altitudeMode>relativeToGround</altitudeMode>
						<extrude>1</extrude>
						<coordinates>
							25.73183,-33.31005,15.0
						</coordinates>
					</Point>
					<LookAt>
						<longitude>25.73183</longitude>
						<latitude>-33.31005</latitude>
						<altitude>15.0</altitude>
						<altitudeMode>clampToGround</altitudeMode>
						<heading>306.1907199535504</heading>
						<range>390.9267944713923</range>
						<tilt>68</tilt>
					</LookAt>
				</Placemark>
                <Placemark>
                    <name>Hp2</name>
                    <styleUrl>#msn_triangle</styleUrl>
                    <LookAt>
                        <longitude>25.73171</longitude>
                        <latitude>-33.30996</latitude>
                        <altitude>0</altitude>
                        <altitudeMode>clampToGround</altitudeMode>
                        <heading>220.19071995355034</heading>
                        <range>500</range>
                        <tilt>68</tilt>
                    </LookAt>
                    <Point>
                        <coordinates>
                            25.73171,-33.30996,694.3976300010504
                        </coordinates>
                    </Point>
                </Placemark><Placemark>
                    <name>Hp1</name>
                    <styleUrl>#msn_triangle</styleUrl>
                    <LookAt>
                        <longitude>25.70809</longitude>
                        <latitude>-33.29321</latitude>
                        <altitude>0</altitude>
                        <altitudeMode>clampToGround</altitudeMode>
                        <heading>220.19071995355034</heading>
                        <range>500</range>
                        <tilt>68</tilt>
                    </LookAt>
                    <Point>
                        <coordinates>
                            25.70809,-33.29321,668.811562187437
                        </coordinates>
                    </Point>
                </Placemark>
				<Placemark id="end_140349981217552">
					<name>Staff 5</name>
					<styleUrl>#antenna</styleUrl>
					<Point>
						<altitudeMode>relativeToGround</altitudeMode>
						<extrude>1</extrude>
						<coordinates>
							25.70797,-33.29312,10
						</coordinates>
					</Point>
					<LookAt>
						<longitude>25.70797</longitude>
						<latitude>-33.29312</latitude>
						<altitude>10</altitude>
						<altitudeMode>clampToGround</altitudeMode>
						<heading>126.20382018993737</heading>
						<range>390.9267944713923</range>
						<tilt>68</tilt>
					</LookAt>
				</Placemark>
			</Folder><Folder>
				<name>Tower : 000 to Staff 6</name>
				<description></description>
				<LookAt>
					<longitude>25.71981</longitude>
					<latitude>-33.30146</latitude>
					<altitude>0</altitude>
					<altitudeMode>clampToGround</altitudeMode>
					<heading>220.420736977528</heading>
					<range>2939.9993824464786</range>
					<tilt>68</tilt>
				</LookAt>
                <Placemark>
                    <name>Vertical Fresnel</name>
                    <styleUrl>#pvertical_fresnel</styleUrl>
                    <LookAt>
                        <longitude>25.71981</longitude>
                        <latitude>-33.30146</latitude>
                        <altitude>0</altitude>
                        <altitudeMode>clampToGround</altitudeMode>
                        <heading>220.420736977528</heading>
                        <range>2939.9993824464786</range>
                        <tilt>68</tilt>
                    </LookAt>
                    <Polygon>
                        <extrude>0</extrude>
                        <altitudeMode>absolute</altitudeMode>
                        <outerBoundaryIs>
                            <LinearRing>
                            <coordinates>
                              25.73183,-33.31005,710.2322829572754
                              25.73179,-33.31002,709.904691270723
                              25.73168,-33.30994,709.504270413973
                              25.7315,-33.30981,709.0334891147629
                              25.73124,-33.30963,708.4952498963523
                              25.73092,-33.3094,707.8928711825058
                              25.73052,-33.30911,707.2300668383054
                              25.73006,-33.30878,706.5109232729379
                              25.72953,-33.30841,705.7398742456234
                              25.72895,-33.30799,704.921673530015
                              25.72831,-33.30753,704.0613656056038
                              25.72762,-33.30704,703.1642545568251
                              25.72688,-33.30651,702.2358713716144
                              25.72609,-33.30595,701.2819398410275
                              25.72527,-33.30536,700.3083412701645
                              25.72441,-33.30474,699.3210782179694
                              25.72353,-33.30411,698.3262374894572
                              25.72262,-33.30346,697.3299526085372
                              25.72169,-33.3028,696.3383660027987
                              25.72076,-33.30213,695.3575911334021
                              25.71981,-33.30146,694.3936748035579
                              25.71887,-33.30078,693.4525598779744
                              25.71793,-33.30011,692.5400486431203
                              25.71701,-33.29945,691.661767034199
                              25.7161,-33.2988,690.8231299493881
                              25.71522,-33.29817,690.0293078651904
                              25.71436,-33.29755,689.2851949587275
                              25.71354,-33.29696,688.5953789335107
                              25.71275,-33.2964,687.9641127347224
                              25.71201,-33.29587,687.3952883283955
                              25.71132,-33.29538,686.8924127061482
                              25.71068,-33.29492,686.4585862634149
                              25.71009,-33.2945,686.0964836844769
                              25.70957,-33.29413,685.8083374521447
                              25.70911,-33.2938,685.595924083759
                              25.70871,-33.29351,685.4605531783703
                              25.70839,-33.29328,685.4030593426262
                              25.70813,-33.2931,685.4237970451422
                              25.70795,-33.29297,685.5226384310865
                              25.70784,-33.29289,685.6989741104468
                              25.7078,-33.29286,685.9516429510675
                              25.7078,-33.29286,685.9517170351019
                              25.70784,-33.29289,686.2792159352374
                              25.70795,-33.29297,686.6796185416824
                              25.70813,-33.2931,687.1503822751663
                              25.70839,-33.29328,687.6886047207274
                              25.70871,-33.29351,688.2909675580119
                              25.70911,-33.2938,688.9537570198215
                              25.70957,-33.29413,689.6728867887247
                              25.71009,-33.2945,690.443923190561
                              25.71068,-33.29492,691.2621125295177
                              25.71132,-33.29538,692.1224103962445
                              25.71201,-33.29587,693.0195127683148
                              25.71275,-33.2964,693.9478887112882
                              25.71354,-33.29696,694.9018144787598
                              25.71436,-33.29755,695.8754088011606
                              25.71522,-33.29817,696.8626691457401
                              25.7161,-33.2988,697.8575087241767
                              25.71701,-33.29945,698.8537940196514
                              25.71793,-33.30011,699.8453826020194
                              25.71887,-33.30078,700.8261609979334
                              25.71981,-33.30146,701.7900823824408
                              25.72076,-33.30213,702.7312038596699
                              25.72169,-33.3028,703.6437231027587
                              25.72262,-33.30346,704.5220141271303
                              25.72353,-33.30411,705.3606619765579
                              25.72441,-33.30474,706.1544961081711
                              25.72527,-33.30536,706.898622270572
                              25.72609,-33.30595,707.5884526785221
                              25.72688,-33.30651,708.2197342981647
                              25.72762,-33.30704,708.7885750683921
                              25.72831,-33.30753,709.2914678966973
                              25.72895,-33.30799,709.7253122815649
                              25.72953,-33.30841,710.0874334280942
                              25.73006,-33.30878,710.3755987389994
                              25.73052,-33.30911,710.588031579314
                              25.73092,-33.3094,710.7234222299367
                              25.73124,-33.30963,710.7809359624839
                              25.7315,-33.30981,710.7602181856696
                              25.73168,-33.30994,710.6613966314771
                              25.73179,-33.31002,710.4850805676496
                              25.73183,-33.31005,710.232357041353
                            </coordinates>
                            </LinearRing>
                        </outerBoundaryIs>
                    </Polygon>
                </Placemark>
                <Placemark>
                    <name>Ground Fresnel</name>
                    <styleUrl>#ground_fresnel</styleUrl>
                    <LookAt>
                        <longitude>25.71981</longitude>
                        <latitude>-33.30146</latitude>
                        <altitude>0</altitude>
                        <altitudeMode>clampToGround</altitudeMode>
                        <heading>220.420736977528</heading>
                        <range>2939.9993824464786</range>
                        <tilt>68</tilt>
                    </LookAt>
                    <visibility>1</visibility>
                    <Polygon>
                      <extrude>0</extrude>
                      <tessellate>1</tessellate>
                      <altitudeMode>clampToGround </altitudeMode>
                      <outerBoundaryIs>
                        <LinearRing>
                          <coordinates>
                              25.73183,-33.31005,0
                              25.73179,-33.31002,0
                              25.73168,-33.30994,0
                              25.73149,-33.30982,0
                              25.73123,-33.30964,0
                              25.73091,-33.30941,0
                              25.73051,-33.30912,0
                              25.73005,-33.30879,0
                              25.72951,-33.30842,0
                              25.72893,-33.30801,0
                              25.72829,-33.30755,0
                              25.7276,-33.30706,0
                              25.72686,-33.30653,0
                              25.72607,-33.30597,0
                              25.72525,-33.30538,0
                              25.72439,-33.30476,0
                              25.72351,-33.30413,0
                              25.72259,-33.30348,0
                              25.72166,-33.30283,0
                              25.72073,-33.30216,0
                              25.71978,-33.30149,0
                              25.71884,-33.30081,0
                              25.7179,-33.30014,0
                              25.71698,-33.29947,0
                              25.71608,-33.29882,0
                              25.7152,-33.29819,0
                              25.71434,-33.29757,0
                              25.71352,-33.29698,0
                              25.71273,-33.29642,0
                              25.71199,-33.29589,0
                              25.7113,-33.2954,0
                              25.71066,-33.29494,0
                              25.71007,-33.29451,0
                              25.70956,-33.29414,0
                              25.7091,-33.29381,0
                              25.7087,-33.29352,0
                              25.70838,-33.29329,0
                              25.70812,-33.29311,0
                              25.70795,-33.29297,0
                              25.70784,-33.29289,0
                              25.7078,-33.29286,0
                              25.7078,-33.29286,0
                              25.70784,-33.29289,0
                              25.70795,-33.29297,0
                              25.70814,-33.29309,0
                              25.7084,-33.29327,0
                              25.70872,-33.2935,0
                              25.70912,-33.29379,0
                              25.70958,-33.29412,0
                              25.71011,-33.29449,0
                              25.7107,-33.2949,0
                              25.71134,-33.29536,0
                              25.71203,-33.29585,0
                              25.71277,-33.29638,0
                              25.71356,-33.29694,0
                              25.71438,-33.29753,0
                              25.71524,-33.29815,0
                              25.71612,-33.29878,0
                              25.71704,-33.29943,0
                              25.71796,-33.30008,0
                              25.7189,-33.30075,0
                              25.71984,-33.30143,0
                              25.72079,-33.3021,0
                              25.72172,-33.30277,0
                              25.72265,-33.30344,0
                              25.72355,-33.30409,0
                              25.72443,-33.30472,0
                              25.72529,-33.30534,0
                              25.72611,-33.30593,0
                              25.7269,-33.30649,0
                              25.72764,-33.30702,0
                              25.72833,-33.30751,0
                              25.72897,-33.30797,0
                              25.72955,-33.3084,0
                              25.73007,-33.30877,0
                              25.73053,-33.3091,0
                              25.73093,-33.30939,0
                              25.73125,-33.30962,0
                              25.73151,-33.3098,0
                              25.73168,-33.30994,0
                              25.73179,-33.31002,0
                              25.73183,-33.31005,0
                          </coordinates>
                        </LinearRing>
                      </outerBoundaryIs>
                    </Polygon>
                </Placemark>
				<Placemark>
					<name>LoS</name>
					<styleUrl>#los_path_#ff0000</styleUrl>
					<LookAt>
						<longitude>25.71981</longitude>
						<latitude>-33.30146</latitude>
						<altitude>0</altitude>
						<altitudeMode>clampToGround</altitudeMode>
						<heading>220.420736977528</heading>
						<range>2939.9993824464786</range>
						<tilt>68</tilt>
					</LookAt>
					<LineString>
						<altitudeMode>relativeToGround</altitudeMode>
						<coordinates>
							25.73183,-33.31005,15.0
                            25.7078,-33.29286,10
						</coordinates>
					</LineString>
				</Placemark>
				<Placemark>
					<name>Ground</name>
					<styleUrl>#ground_path</styleUrl>
					<LookAt>
						<longitude>25.71981</longitude>
						<latitude>-33.30146</latitude>
						<altitude>0</altitude>
						<altitudeMode>clampToGround</altitudeMode>
						<heading>220.420736977528</heading>
						<range>2939.9993824464786</range>
						<tilt>68</tilt>
					</LookAt>
					<LineString>
						<altitudeMode>clampToGround</altitudeMode>
						<tessellate>1</tessellate>
						<coordinates>
							25.73183,-33.31005,0
								25.73171,-33.30996,0
								25.70792,-33.29295,0
							 25.7078,-33.29286,0
						</coordinates>
					</LineString>
				</Placemark>
				<Placemark id="end_140349983685856">
					<name>Tower</name>
					<styleUrl>#antenna</styleUrl>
					<Point>
						<altitudeMode>relativeToGround</altitudeMode>
						<extrude>1</extrude>
						<coordinates>
							25.73183,-33.31005,15.0
						</coordinates>
					</Point>
					<LookAt>
						<longitude>25.73183</longitude>
						<latitude>-33.31005</latitude>
						<altitude>15.0</altitude>
						<altitudeMode>clampToGround</altitudeMode>
						<heading>306.420736977528</heading>
						<range>393.99993824464786</range>
						<tilt>68</tilt>
					</LookAt>
				</Placemark>
                <Placemark>
                    <name>Hp2</name>
                    <styleUrl>#msn_triangle</styleUrl>
                    <LookAt>
                        <longitude>25.73171</longitude>
                        <latitude>-33.30996</latitude>
                        <altitude>0</altitude>
                        <altitudeMode>clampToGround</altitudeMode>
                        <heading>220.420736977528</heading>
                        <range>500</range>
                        <tilt>68</tilt>
                    </LookAt>
                    <Point>
                        <coordinates>
                            25.73171,-33.30996,694.3804944108973
                        </coordinates>
                    </Point>
                </Placemark><Placemark>
                    <name>Hp1</name>
                    <styleUrl>#msn_triangle</styleUrl>
                    <LookAt>
                        <longitude>25.70792</longitude>
                        <latitude>-33.29295</latitude>
                        <altitude>0</altitude>
                        <altitudeMode>clampToGround</altitudeMode>
                        <heading>220.420736977528</heading>
                        <range>500</range>
                        <tilt>68</tilt>
                    </LookAt>
                    <Point>
                        <coordinates>
                            25.70792,-33.29295,673.1070103911197
                        </coordinates>
                    </Point>
                </Placemark>
				<Placemark id="end_140349983676640">
					<name>Staff 6</name>
					<styleUrl>#antenna</styleUrl>
					<Point>
						<altitudeMode>relativeToGround</altitudeMode>
						<extrude>1</extrude>
						<coordinates>
							25.7078,-33.29286,10
						</coordinates>
					</Point>
					<LookAt>
						<longitude>25.7078</longitude>
						<latitude>-33.29286</latitude>
						<altitude>10</altitude>
						<altitudeMode>clampToGround</altitudeMode>
						<heading>126.43393050616376</heading>
						<range>393.99993824464786</range>
						<tilt>68</tilt>
					</LookAt>
				</Placemark>
			</Folder><Folder>
				<name>Tower : 000 to Staff 7</name>
				<description></description>
				<LookAt>
					<longitude>25.71986</longitude>
					<latitude>-33.3013</latitude>
					<altitude>0</altitude>
					<altitudeMode>clampToGround</altitudeMode>
					<heading>221.04957219399313</heading>
					<range>2956.81525056827</range>
					<tilt>68</tilt>
				</LookAt>
                <Placemark>
                    <name>Vertical Fresnel</name>
                    <styleUrl>#pvertical_fresnel</styleUrl>
                    <LookAt>
                        <longitude>25.71986</longitude>
                        <latitude>-33.3013</latitude>
                        <altitude>0</altitude>
                        <altitudeMode>clampToGround</altitudeMode>
                        <heading>221.04957219399313</heading>
                        <range>2956.81525056827</range>
                        <tilt>68</tilt>
                    </LookAt>
                    <Polygon>
                        <extrude>0</extrude>
                        <altitudeMode>absolute</altitudeMode>
                        <outerBoundaryIs>
                            <LinearRing>
                            <coordinates>
                              25.73183,-33.31005,710.2322828516845
                              25.73179,-33.31002,709.9051676077661
                              25.73168,-33.30994,709.5078297215283
                              25.7315,-33.30981,709.0427189131693
                              25.73124,-33.30962,708.5127027454877
                              25.73092,-33.30938,707.9210489444056
                              25.73053,-33.3091,707.2714052523517
                              25.73007,-33.30876,706.5677769387155
                              25.72954,-33.30838,705.8145021060312
                              25.72896,-33.30795,705.0162249441313
                              25.72832,-33.30749,704.1778670971732
                              25.72763,-33.30698,703.3045973200656
                              25.72689,-33.30644,702.4017996113757
                              25.72611,-33.30587,701.4750400191889
                              25.72529,-33.30527,700.5300323245694
                              25.72444,-33.30465,699.5726028142017
                              25.72356,-33.304,698.6086543593948
                              25.72265,-33.30334,697.6441300229178
                              25.72173,-33.30267,696.6849764180423
                              25.7208,-33.30198,695.7371070456929
                              25.71986,-33.3013,694.806365835749
                              25.71892,-33.30061,693.8984911172728
                              25.71799,-33.29993,693.0190802398024
                              25.71706,-33.29925,692.1735550638313
                              25.71616,-33.29859,691.367128533235
                              25.71528,-33.29795,690.6047725357388
                              25.71442,-33.29732,689.8911872495763
                              25.7136,-33.29672,689.2307721653278
                              25.71282,-33.29615,688.6275989615981
                              25.71209,-33.29561,688.0853864017635
                              25.7114,-33.2951,687.6074774065594
                              25.71076,-33.29464,687.1968184438623
                              25.71018,-33.29421,686.8559413627349
                              25.70965,-33.29383,686.5869477837356
                              25.70919,-33.29349,686.3914961417285
                              25.7088,-33.29321,686.2707914610804
                              25.70848,-33.29297,686.2255779262865
                              25.70822,-33.29278,686.2561342938234
                              25.70804,-33.29265,686.3622721735244
                              25.70793,-33.29257,686.5433371900666
                              25.70789,-33.29254,686.798138842073
                              25.70789,-33.29254,686.7982131374541
                              25.70793,-33.29257,687.1252360484744
                              25.70804,-33.29265,687.5225563464153
                              25.70822,-33.29278,687.9876502441778
                              25.70848,-33.29297,688.5176502832227
                              25.7088,-33.29321,689.1092888370664
                              25.70919,-33.29349,689.7589182572848
                              25.70965,-33.29383,690.4625333624784
                              25.71018,-33.29421,691.2157961315481
                              25.71076,-33.29464,692.0140624490372
                              25.7114,-33.2951,692.8524107376477
                              25.71209,-33.29561,693.7256723014015
                              25.71282,-33.29615,694.628463192369
                              25.7136,-33.29672,695.555217404499
                              25.71442,-33.29732,696.5002211898965
                              25.71528,-33.29795,697.4576482859792
                              25.71616,-33.29859,698.4215958363227
                              25.71706,-33.29925,699.3861207837341
                              25.71799,-33.29993,700.3452765111754
                              25.71892,-33.30061,701.2931495046354
                              25.71986,-33.3013,702.2238958119098
                              25.7208,-33.30198,703.1317770725093
                              25.72173,-33.30267,704.0111958965616
                              25.72265,-33.30334,704.8567303745797
                              25.72356,-33.304,705.663167505338
                              25.72444,-33.30465,706.4255353357578
                              25.72529,-33.30527,707.1391336146514
                              25.72611,-33.30587,707.7995627713341
                              25.72689,-33.30644,708.4027510404399
                              25.72763,-33.30698,708.9449795657092
                              25.72832,-33.30749,709.4229053279746
                              25.72896,-33.30795,709.8335817559852
                              25.72954,-33.30838,710.1744768929985
                              25.73007,-33.30876,710.4434890071359
                              25.73053,-33.3091,710.638959549258
                              25.73092,-33.30938,710.7596833784719
                              25.73124,-33.30962,710.804916192226
                              25.7315,-33.30981,710.7743791151819
                              25.73168,-33.30994,710.6682604185743
                              25.73179,-33.31002,710.4872143594557
                              25.73183,-33.31005,710.2323571469861
                            </coordinates>
                            </LinearRing>
                        </outerBoundaryIs>
                    </Polygon>
                </Placemark>
                <Placemark>
                    <name>Ground Fresnel</name>
                    <styleUrl>#ground_fresnel</styleUrl>
                    <LookAt>
                        <longitude>25.71986</longitude>
                        <latitude>-33.3013</latitude>
                        <altitude>0</altitude>
                        <altitudeMode>clampToGround</altitudeMode>
                        <heading>221.04957219399313</heading>
                        <range>2956.81525056827</range>
                        <tilt>68</tilt>
                    </LookAt>
                    <visibility>1</visibility>
                    <Polygon>
                      <extrude>0</extrude>
                      <tessellate>1</tessellate>
                      <altitudeMode>clampToGround </altitudeMode>
                      <outerBoundaryIs>
                        <LinearRing>
                          <coordinates>
                              25.73183,-33.31005,0
                              25.73179,-33.31002,0
                              25.73168,-33.30994,0
                              25.73149,-33.30982,0
                              25.73123,-33.30963,0
                              25.73091,-33.30939,0
                              25.73052,-33.30911,0
                              25.73006,-33.30877,0
                              25.72952,-33.30839,0
                              25.72894,-33.30797,0
                              25.7283,-33.30751,0
                              25.72761,-33.307,0
                              25.72687,-33.30646,0
                              25.72609,-33.30589,0
                              25.72527,-33.30529,0
                              25.72442,-33.30467,0
                              25.72354,-33.30402,0
                              25.72262,-33.30336,0
                              25.7217,-33.30269,0
                              25.72077,-33.30201,0
                              25.71983,-33.30133,0
                              25.71889,-33.30064,0
                              25.71796,-33.29995,0
                              25.71703,-33.29927,0
                              25.71614,-33.29861,0
                              25.71526,-33.29797,0
                              25.7144,-33.29734,0
                              25.71358,-33.29674,0
                              25.7128,-33.29617,0
                              25.71207,-33.29563,0
                              25.71138,-33.29512,0
                              25.71074,-33.29466,0
                              25.71016,-33.29422,0
                              25.70964,-33.29384,0
                              25.70918,-33.2935,0
                              25.70879,-33.29322,0
                              25.70847,-33.29298,0
                              25.70821,-33.29279,0
                              25.70804,-33.29265,0
                              25.70793,-33.29257,0
                              25.70789,-33.29254,0
                              25.70789,-33.29254,0
                              25.70793,-33.29257,0
                              25.70804,-33.29265,0
                              25.70823,-33.29277,0
                              25.70849,-33.29296,0
                              25.70881,-33.2932,0
                              25.7092,-33.29348,0
                              25.70966,-33.29382,0
                              25.7102,-33.2942,0
                              25.71078,-33.29462,0
                              25.71142,-33.29508,0
                              25.71211,-33.29559,0
                              25.71284,-33.29613,0
                              25.71362,-33.2967,0
                              25.71444,-33.2973,0
                              25.7153,-33.29793,0
                              25.71618,-33.29857,0
                              25.71709,-33.29923,0
                              25.71802,-33.29991,0
                              25.71895,-33.30058,0
                              25.71989,-33.30127,0
                              25.72083,-33.30195,0
                              25.72176,-33.30265,0
                              25.72268,-33.30332,0
                              25.72358,-33.30398,0
                              25.72446,-33.30463,0
                              25.72531,-33.30525,0
                              25.72613,-33.30585,0
                              25.72691,-33.30642,0
                              25.72765,-33.30696,0
                              25.72834,-33.30747,0
                              25.72898,-33.30793,0
                              25.72956,-33.30837,0
                              25.73008,-33.30875,0
                              25.73054,-33.30909,0
                              25.73093,-33.30937,0
                              25.73125,-33.30961,0
                              25.73151,-33.3098,0
                              25.73168,-33.30994,0
                              25.73179,-33.31002,0
                              25.73183,-33.31005,0
                          </coordinates>
                        </LinearRing>
                      </outerBoundaryIs>
                    </Polygon>
                </Placemark>
				<Placemark>
					<name>LoS</name>
					<styleUrl>#los_path_#ff0000</styleUrl>
					<LookAt>
						<longitude>25.71986</longitude>
						<latitude>-33.3013</latitude>
						<altitude>0</altitude>
						<altitudeMode>clampToGround</altitudeMode>
						<heading>221.04957219399313</heading>
						<range>2956.81525056827</range>
						<tilt>68</tilt>
					</LookAt>
					<LineString>
						<altitudeMode>relativeToGround</altitudeMode>
						<coordinates>
							25.73183,-33.31005,15.0
                            25.70789,-33.29254,10
						</coordinates>
					</LineString>
				</Placemark>
				<Placemark>
					<name>Ground</name>
					<styleUrl>#ground_path</styleUrl>
					<LookAt>
						<longitude>25.71986</longitude>
						<latitude>-33.3013</latitude>
						<altitude>0</altitude>
						<altitudeMode>clampToGround</altitudeMode>
						<heading>221.04957219399313</heading>
						<range>2956.81525056827</range>
						<tilt>68</tilt>
					</LookAt>
					<LineString>
						<altitudeMode>clampToGround</altitudeMode>
						<tessellate>1</tessellate>
						<coordinates>
							25.73183,-33.31005,0
								25.73171,-33.30996,0
								25.70801,-33.29263,0
							 25.70789,-33.29254,0
						</coordinates>
					</LineString>
				</Placemark>
				<Placemark id="end_140349983685856">
					<name>Tower</name>
					<styleUrl>#antenna</styleUrl>
					<Point>
						<altitudeMode>relativeToGround</altitudeMode>
						<extrude>1</extrude>
						<coordinates>
							25.73183,-33.31005,15.0
						</coordinates>
					</Point>
					<LookAt>
						<longitude>25.73183</longitude>
						<latitude>-33.31005</latitude>
						<altitude>15.0</altitude>
						<altitudeMode>clampToGround</altitudeMode>
						<heading>307.04957219399313</heading>
						<range>395.681525056827</range>
						<tilt>68</tilt>
					</LookAt>
				</Placemark>
                <Placemark>
                    <name>Hp2</name>
                    <styleUrl>#msn_triangle</styleUrl>
                    <LookAt>
                        <longitude>25.73171</longitude>
                        <latitude>-33.30996</latitude>
                        <altitude>0</altitude>
                        <altitudeMode>clampToGround</altitudeMode>
                        <heading>221.04957219399307</heading>
                        <range>500</range>
                        <tilt>68</tilt>
                    </LookAt>
                    <Point>
                        <coordinates>
                            25.73171,-33.30996,694.3361806154842
                        </coordinates>
                    </Point>
                </Placemark><Placemark>
                    <name>Hp1</name>
                    <styleUrl>#msn_triangle</styleUrl>
                    <LookAt>
                        <longitude>25.70801</longitude>
                        <latitude>-33.29263</latitude>
                        <altitude>0</altitude>
                        <altitudeMode>clampToGround</altitudeMode>
                        <heading>221.04957219399307</heading>
                        <range>500</range>
                        <tilt>68</tilt>
                    </LookAt>
                    <Point>
                        <coordinates>
                            25.70801,-33.29263,673.4323436247935
                        </coordinates>
                    </Point>
                </Placemark>
				<Placemark id="end_140349987079664">
					<name>Staff 7</name>
					<styleUrl>#antenna</styleUrl>
					<Point>
						<altitudeMode>relativeToGround</altitudeMode>
						<extrude>1</extrude>
						<coordinates>
							25.70789,-33.29254,10
						</coordinates>
					</Point>
					<LookAt>
						<longitude>25.70789</longitude>
						<latitude>-33.29254</latitude>
						<altitude>10</altitude>
						<altitudeMode>clampToGround</altitudeMode>
						<heading>127.06271625279325</heading>
						<range>395.681525056827</range>
						<tilt>68</tilt>
					</LookAt>
				</Placemark>
			</Folder><Folder>
				<name>Tower : 000 to Staff 8</name>
				<description></description>
				<LookAt>
					<longitude>25.71981</longitude>
					<latitude>-33.30102</latitude>
					<altitude>0</altitude>
					<altitudeMode>clampToGround</altitudeMode>
					<heading>221.82194543400306</heading>
					<range>3003.4790108376515</range>
					<tilt>68</tilt>
				</LookAt>
                <Placemark>
                    <name>Vertical Fresnel</name>
                    <styleUrl>#pvertical_fresnel</styleUrl>
                    <LookAt>
                        <longitude>25.71981</longitude>
                        <latitude>-33.30102</latitude>
                        <altitude>0</altitude>
                        <altitudeMode>clampToGround</altitudeMode>
                        <heading>221.82194543400306</heading>
                        <range>3003.4790108376515</range>
                        <tilt>68</tilt>
                    </LookAt>
                    <Polygon>
                        <extrude>0</extrude>
                        <altitudeMode>absolute</altitudeMode>
                        <outerBoundaryIs>
                            <LinearRing>
                            <coordinates>
                              25.73183,-33.31005,710.2322825604329
                              25.73179,-33.31002,709.918728463061
                              25.73168,-33.30994,709.5665566429964
                              25.7315,-33.3098,709.17793835662
                              25.73124,-33.30961,708.7552695648964
                              25.73092,-33.30936,708.3011561614779
                              25.73052,-33.30907,707.8183979065047
                              25.73006,-33.30872,707.3099711651522
                              25.72953,-33.30833,706.7790105573499
                              25.72895,-33.30789,706.228789631807
                              25.72831,-33.30741,705.6627006834967
                              25.72762,-33.30688,705.084233839029
                              25.72688,-33.30633,704.4969555388598
                              25.72609,-33.30574,703.9044865489993
                              25.72527,-33.30512,703.3104796377861
                              25.72441,-33.30448,702.7185970553551
                              25.72353,-33.30381,702.1324879546479
                              25.72262,-33.30313,701.5557658931716
                              25.72169,-33.30243,700.9919865542145
                              25.72076,-33.30173,700.4446258248771
                              25.71981,-33.30102,699.9170583660716
                              25.71887,-33.30031,699.4125368066155
                              25.71793,-33.29961,698.9341716896934
                              25.71701,-33.29891,698.4849122953235
                              25.7161,-33.29823,698.0675284570661
                              25.71522,-33.29756,697.6845934850783
                              25.71436,-33.29692,697.3384683008012
                              25.71354,-33.2963,697.031286881094
                              25.71275,-33.29571,696.7649431015577
                              25.71201,-33.29516,696.541079060161
                              25.71132,-33.29464,696.361074953162
                              25.71068,-33.29415,696.2260405657373
                              25.71009,-33.29371,696.136808429789
                              25.70957,-33.29332,696.0939286911082
                              25.70911,-33.29297,696.0976657175423
                              25.70871,-33.29268,696.1479964690812
                              25.70839,-33.29243,696.2446106399046
                              25.70813,-33.29224,696.3869125715221
                              25.70795,-33.2921,696.5740249252052
                              25.70784,-33.29202,696.8047940910718
                              25.7078,-33.29199,697.077722542161
                              25.7078,-33.29199,697.0777974204758
                              25.70784,-33.29202,697.39126666904
                              25.70795,-33.2921,697.7434289217318
                              25.70813,-33.29224,698.1320382228425
                              25.70839,-33.29243,698.5546986668049
                              25.70871,-33.29268,699.0088044114331
                              25.70911,-33.29297,699.4915557438061
                              25.70957,-33.29332,699.9999763414285
                              25.71009,-33.29371,700.530931622249
                              25.71068,-33.29415,701.081148070401
                              25.71132,-33.29464,701.647233418516
                              25.71201,-33.29516,702.2256975621802
                              25.71275,-33.29571,702.8129740775894
                              25.71354,-33.2963,703.4054422097365
                              25.71436,-33.29692,703.9994491955715
                              25.71522,-33.29756,704.5913327844992
                              25.7161,-33.29823,705.1774438173725
                              25.71701,-33.29891,705.7541687247722
                              25.71793,-33.29961,706.3179518058635
                              25.71887,-33.30031,706.8653171504747
                              25.71981,-33.30102,707.392890069239
                              25.72076,-33.30173,707.897417899676
                              25.72169,-33.30243,708.3757900599389
                              25.72262,-33.30313,708.8250572265847
                              25.72353,-33.30381,709.2424495181343
                              25.72441,-33.30448,709.6253935723137
                              25.72527,-33.30512,709.9715284116867
                              25.72609,-33.30574,710.2787199998672
                              25.72688,-33.30633,710.5450743985625
                              25.72762,-33.30688,710.7689494443329
                              25.72831,-33.30741,710.948964873075
                              25.72895,-33.30789,711.0840108298095
                              25.72953,-33.30833,711.1732547113058
                              25.73006,-33.30872,711.216146299358
                              25.73052,-33.30907,711.2124211530627
                              25.73092,-33.30936,711.1621022391856
                              25.73124,-33.30961,711.0654997905634
                              25.7315,-33.3098,710.9232093934156
                              25.73168,-33.30994,710.7361083153569
                              25.73179,-33.31002,710.5053500967509
                              25.73183,-33.31005,710.2323574387517
                            </coordinates>
                            </LinearRing>
                        </outerBoundaryIs>
                    </Polygon>
                </Placemark>
                <Placemark>
                    <name>Ground Fresnel</name>
                    <styleUrl>#ground_fresnel</styleUrl>
                    <LookAt>
                        <longitude>25.71981</longitude>
                        <latitude>-33.30102</latitude>
                        <altitude>0</altitude>
                        <altitudeMode>clampToGround</altitudeMode>
                        <heading>221.82194543400306</heading>
                        <range>3003.4790108376515</range>
                        <tilt>68</tilt>
                    </LookAt>
                    <visibility>1</visibility>
                    <Polygon>
                      <extrude>0</extrude>
                      <tessellate>1</tessellate>
                      <altitudeMode>clampToGround </altitudeMode>
                      <outerBoundaryIs>
                        <LinearRing>
                          <coordinates>
                              25.73183,-33.31005,0
                              25.73179,-33.31002,0
                              25.73168,-33.30994,0
                              25.73149,-33.30981,0
                              25.73123,-33.30962,0
                              25.73091,-33.30937,0
                              25.73051,-33.30908,0
                              25.73005,-33.30873,0
                              25.72951,-33.30834,0
                              25.72893,-33.30791,0
                              25.72829,-33.30743,0
                              25.7276,-33.3069,0
                              25.72686,-33.30635,0
                              25.72607,-33.30576,0
                              25.72525,-33.30514,0
                              25.72439,-33.3045,0
                              25.7235,-33.30383,0
                              25.72259,-33.30315,0
                              25.72166,-33.30245,0
                              25.72073,-33.30176,0
                              25.71978,-33.30105,0
                              25.71884,-33.30034,0
                              25.7179,-33.29963,0
                              25.71698,-33.29893,0
                              25.71607,-33.29825,0
                              25.7152,-33.29758,0
                              25.71434,-33.29694,0
                              25.71352,-33.29632,0
                              25.71273,-33.29573,0
                              25.71199,-33.29518,0
                              25.7113,-33.29466,0
                              25.71066,-33.29417,0
                              25.71007,-33.29372,0
                              25.70956,-33.29333,0
                              25.7091,-33.29298,0
                              25.7087,-33.29269,0
                              25.70838,-33.29244,0
                              25.70812,-33.29225,0
                              25.70795,-33.2921,0
                              25.70784,-33.29202,0
                              25.7078,-33.29199,0
                              25.7078,-33.29199,0
                              25.70784,-33.29202,0
                              25.70795,-33.2921,0
                              25.70814,-33.29223,0
                              25.7084,-33.29242,0
                              25.70872,-33.29267,0
                              25.70912,-33.29296,0
                              25.70958,-33.29331,0
                              25.71011,-33.2937,0
                              25.7107,-33.29413,0
                              25.71134,-33.29462,0
                              25.71203,-33.29514,0
                              25.71277,-33.29569,0
                              25.71356,-33.29628,0
                              25.71438,-33.2969,0
                              25.71524,-33.29754,0
                              25.71613,-33.29821,0
                              25.71704,-33.29889,0
                              25.71796,-33.29959,0
                              25.7189,-33.30028,0
                              25.71984,-33.30099,0
                              25.72079,-33.3017,0
                              25.72172,-33.30241,0
                              25.72265,-33.30311,0
                              25.72356,-33.30379,0
                              25.72443,-33.30446,0
                              25.72529,-33.3051,0
                              25.72611,-33.30572,0
                              25.7269,-33.30631,0
                              25.72764,-33.30686,0
                              25.72833,-33.30739,0
                              25.72897,-33.30787,0
                              25.72955,-33.30832,0
                              25.73007,-33.30871,0
                              25.73053,-33.30906,0
                              25.73093,-33.30935,0
                              25.73125,-33.3096,0
                              25.73151,-33.30979,0
                              25.73168,-33.30994,0
                              25.73179,-33.31002,0
                              25.73183,-33.31005,0
                          </coordinates>
                        </LinearRing>
                      </outerBoundaryIs>
                    </Polygon>
                </Placemark>
				<Placemark>
					<name>LoS</name>
					<styleUrl>#los_path_#ff0000</styleUrl>
					<LookAt>
						<longitude>25.71981</longitude>
						<latitude>-33.30102</latitude>
						<altitude>0</altitude>
						<altitudeMode>clampToGround</altitudeMode>
						<heading>221.82194543400306</heading>
						<range>3003.4790108376515</range>
						<tilt>68</tilt>
					</LookAt>
					<LineString>
						<altitudeMode>relativeToGround</altitudeMode>
						<coordinates>
							25.73183,-33.31005,15.0
                            25.7078,-33.29199,10
						</coordinates>
					</LineString>
				</Placemark>
				<Placemark>
					<name>Ground</name>
					<styleUrl>#ground_path</styleUrl>
					<LookAt>
						<longitude>25.71981</longitude>
						<latitude>-33.30102</latitude>
						<altitude>0</altitude>
						<altitudeMode>clampToGround</altitudeMode>
						<heading>221.82194543400306</heading>
						<range>3003.4790108376515</range>
						<tilt>68</tilt>
					</LookAt>
					<LineString>
						<altitudeMode>clampToGround</altitudeMode>
						<tessellate>1</tessellate>
						<coordinates>
							25.73183,-33.31005,0
								25.70792,-33.29208,0
							 25.7078,-33.29199,0
						</coordinates>
					</LineString>
				</Placemark>
				<Placemark id="end_140349983685856">
					<name>Tower</name>
					<styleUrl>#antenna</styleUrl>
					<Point>
						<altitudeMode>relativeToGround</altitudeMode>
						<extrude>1</extrude>
						<coordinates>
							25.73183,-33.31005,15.0
						</coordinates>
					</Point>
					<LookAt>
						<longitude>25.73183</longitude>
						<latitude>-33.31005</latitude>
						<altitude>15.0</altitude>
						<altitudeMode>clampToGround</altitudeMode>
						<heading>307.82194543400306</heading>
						<range>400.3479010837652</range>
						<tilt>68</tilt>
					</LookAt>
				</Placemark>
                <Placemark>
                    <name>Hp1</name>
                    <styleUrl>#msn_triangle</styleUrl>
                    <LookAt>
                        <longitude>25.70792</longitude>
                        <latitude>-33.29208</latitude>
                        <altitude>0</altitude>
                        <altitudeMode>clampToGround</altitudeMode>
                        <heading>221.82194543400306</heading>
                        <range>500</range>
                        <tilt>68</tilt>
                    </LookAt>
                    <Point>
                        <coordinates>
                            25.70792,-33.29208,683.7623776221133
                        </coordinates>
                    </Point>
                </Placemark>
				<Placemark id="end_140349983674192">
					<name>Staff 8</name>
					<styleUrl>#antenna</styleUrl>
					<Point>
						<altitudeMode>relativeToGround</altitudeMode>
						<extrude>1</extrude>
						<coordinates>
							25.7078,-33.29199,10
						</coordinates>
					</Point>
					<LookAt>
						<longitude>25.7078</longitude>
						<latitude>-33.29199</latitude>
						<altitude>10</altitude>
						<altitudeMode>clampToGround</altitudeMode>
						<heading>127.83513881017203</heading>
						<range>400.3479010837652</range>
						<tilt>68</tilt>
					</LookAt>
				</Placemark>
			</Folder><Folder>
				<name>Tower : 000 to Staff 9</name>
				<description></description>
				<LookAt>
					<longitude>25.71992</longitude>
					<latitude>-33.30111</latitude>
					<altitude>0</altitude>
					<altitudeMode>clampToGround</altitudeMode>
					<heading>221.81462364345248</heading>
					<range>2975.635495463336</range>
					<tilt>68</tilt>
				</LookAt>
                <Placemark>
                    <name>Vertical Fresnel</name>
                    <styleUrl>#pvertical_fresnel</styleUrl>
                    <LookAt>
                        <longitude>25.71992</longitude>
                        <latitude>-33.30111</latitude>
                        <altitude>0</altitude>
                        <altitudeMode>clampToGround</altitudeMode>
                        <heading>221.81462364345248</heading>
                        <range>2975.635495463336</range>
                        <tilt>68</tilt>
                    </LookAt>
                    <Polygon>
                        <extrude>0</extrude>
                        <altitudeMode>absolute</altitudeMode>
                        <outerBoundaryIs>
                            <LinearRing>
                            <coordinates>
                              25.73183,-33.31005,710.2322827339428
                              25.73179,-33.31002,709.9106078721754
                              25.73168,-33.30994,709.5314035530337
                              25.7315,-33.3098,709.0970076972446
                              25.73125,-33.30961,708.6100984997107
                              25.73092,-33.30937,708.0736779175483
                              25.73053,-33.30908,707.4910531620244
                              25.73008,-33.30873,706.8658163084992
                              25.72956,-33.30834,706.2018221500871
                              25.72898,-33.30791,705.5031644315752
                              25.72834,-33.30743,704.7741506101254
                              25.72766,-33.30691,704.0192752983684
                              25.72692,-33.30636,703.243192553623
                              25.72614,-33.30578,702.4506871840839
                              25.72533,-33.30517,701.6466452488895
                              25.72448,-33.30453,700.8360239339412
                              25.7236,-33.30387,700.0238209892044
                              25.7227,-33.30319,699.2150439159185
                              25.72179,-33.3025,698.4146790936859
                              25.72086,-33.30181,697.6276610377839
                              25.71992,-33.30111,696.8588419762375
                              25.71899,-33.3004,696.1129619342191
                              25.71806,-33.29971,695.3946195102181
                              25.71714,-33.29902,694.7082435241516
                              25.71624,-33.29834,694.058065712217
                              25.71537,-33.29768,693.4480946368307
                              25.71452,-33.29704,692.8820909725084
                              25.7137,-33.29643,692.3635443200562
                              25.71293,-33.29585,691.8956516920207
                              25.71219,-33.2953,691.4812978020436
                              25.71151,-33.29478,691.1230372796435
                              25.71087,-33.2943,690.8230789200746
                              25.71029,-33.29387,690.5832720663699
                              25.70977,-33.29348,690.4050952075265
                              25.70932,-33.29314,690.2896468631288
                              25.70893,-33.29284,690.2376388106105
                              25.7086,-33.2926,690.24939169691
                              25.70835,-33.29241,690.3248330615749
                              25.70817,-33.29227,690.4634977835051
                              25.70806,-33.29219,690.6645309485795
                              25.70802,-33.29216,690.9266187095295
                              25.70802,-33.29216,690.9266932404516
                              25.70806,-33.29219,691.2482787736002
                              25.70817,-33.29227,691.6274687258176
                              25.70835,-33.29241,692.061850854
                              25.7086,-33.2926,692.5487470478803
                              25.70893,-33.29284,693.085155430514
                              25.70932,-33.29314,693.6677688658481
                              25.70977,-33.29348,694.2929953483151
                              25.71029,-33.29387,694.9569801487418
                              25.71087,-33.2943,695.6556295800361
                              25.71151,-33.29478,696.3846362361298
                              25.71219,-33.2953,697.1395055485686
                              25.71293,-33.29585,697.9155834970218
                              25.7137,-33.29643,698.7080853028651
                              25.71452,-33.29704,699.5121249289318
                              25.71537,-33.29768,700.322745203557
                              25.71624,-33.29834,701.134948383189
                              25.71714,-33.29902,701.9437269651405
                              25.71806,-33.29971,702.7440945605075
                              25.71899,-33.3004,703.5311166369152
                              25.71992,-33.30111,704.2999409415513
                              25.72086,-33.30181,705.0458274169179
                              25.72179,-33.3025,705.7641774248616
                              25.7227,-33.30319,706.4505620987078
                              25.7236,-33.30387,707.1007496486965
                              25.72448,-33.30453,707.7107314523724
                              25.72533,-33.30517,708.2767467690766
                              25.72614,-33.30578,708.7953059261621
                              25.72692,-33.30636,709.2632118339873
                              25.72766,-33.30691,709.6775796970359
                              25.72834,-33.30743,710.0358547996407
                              25.72898,-33.30791,710.3358282566558
                              25.72956,-33.30834,710.5756506319674
                              25.73008,-33.30873,710.7538433408827
                              25.73053,-33.30908,710.869307766096
                              25.73092,-33.30937,710.9213320310301
                              25.73125,-33.30961,710.9095953887919
                              25.7315,-33.3098,710.8341701996835
                              25.73168,-33.30994,710.6955214850775
                              25.73179,-33.31002,710.4945040604046
                              25.73183,-33.31005,710.2323572649343
                            </coordinates>
                            </LinearRing>
                        </outerBoundaryIs>
                    </Polygon>
                </Placemark>
                <Placemark>
                    <name>Ground Fresnel</name>
                    <styleUrl>#ground_fresnel</styleUrl>
                    <LookAt>
                        <longitude>25.71992</longitude>
                        <latitude>-33.30111</latitude>
                        <altitude>0</altitude>
                        <altitudeMode>clampToGround</altitudeMode>
                        <heading>221.81462364345248</heading>
                        <range>2975.635495463336</range>
                        <tilt>68</tilt>
                    </LookAt>
                    <visibility>1</visibility>
                    <Polygon>
                      <extrude>0</extrude>
                      <tessellate>1</tessellate>
                      <altitudeMode>clampToGround </altitudeMode>
                      <outerBoundaryIs>
                        <LinearRing>
                          <coordinates>
                              25.73183,-33.31005,0
                              25.73179,-33.31002,0
                              25.73168,-33.30994,0
                              25.73149,-33.30981,0
                              25.73124,-33.30962,0
                              25.73091,-33.30938,0
                              25.73052,-33.30909,0
                              25.73007,-33.30874,0
                              25.72954,-33.30835,0
                              25.72896,-33.30793,0
                              25.72832,-33.30745,0
                              25.72764,-33.30693,0
                              25.7269,-33.30638,0
                              25.72612,-33.3058,0
                              25.72531,-33.30519,0
                              25.72446,-33.30455,0
                              25.72357,-33.30389,0
                              25.72267,-33.30321,0
                              25.72176,-33.30252,0
                              25.72083,-33.30183,0
                              25.71989,-33.30114,0
                              25.71896,-33.30042,0
                              25.71803,-33.29973,0
                              25.71711,-33.29904,0
                              25.71621,-33.29836,0
                              25.71535,-33.2977,0
                              25.7145,-33.29706,0
                              25.71368,-33.29645,0
                              25.71291,-33.29587,0
                              25.71217,-33.29532,0
                              25.71149,-33.2948,0
                              25.71085,-33.29432,0
                              25.71027,-33.29388,0
                              25.70976,-33.29349,0
                              25.70931,-33.29315,0
                              25.70892,-33.29285,0
                              25.70859,-33.29261,0
                              25.70834,-33.29242,0
                              25.70817,-33.29227,0
                              25.70806,-33.29219,0
                              25.70802,-33.29216,0
                              25.70802,-33.29216,0
                              25.70806,-33.29219,0
                              25.70817,-33.29227,0
                              25.70836,-33.2924,0
                              25.70861,-33.29259,0
                              25.70894,-33.29283,0
                              25.70933,-33.29313,0
                              25.70978,-33.29347,0
                              25.71031,-33.29386,0
                              25.71089,-33.29428,0
                              25.71153,-33.29476,0
                              25.71221,-33.29528,0
                              25.71295,-33.29583,0
                              25.71372,-33.29641,0
                              25.71454,-33.29702,0
                              25.71539,-33.29766,0
                              25.71627,-33.29832,0
                              25.71717,-33.299,0
                              25.71809,-33.29969,0
                              25.71902,-33.30038,0
                              25.71995,-33.30108,0
                              25.72089,-33.30179,0
                              25.72182,-33.30248,0
                              25.72273,-33.30317,0
                              25.72363,-33.30385,0
                              25.7245,-33.30451,0
                              25.72535,-33.30515,0
                              25.72616,-33.30576,0
                              25.72694,-33.30634,0
                              25.72768,-33.30689,0
                              25.72836,-33.30741,0
                              25.729,-33.30789,0
                              25.72958,-33.30833,0
                              25.73009,-33.30872,0
                              25.73054,-33.30907,0
                              25.73093,-33.30936,0
                              25.73126,-33.3096,0
                              25.73151,-33.30979,0
                              25.73168,-33.30994,0
                              25.73179,-33.31002,0
                              25.73183,-33.31005,0
                          </coordinates>
                        </LinearRing>
                      </outerBoundaryIs>
                    </Polygon>
                </Placemark>
				<Placemark>
					<name>LoS</name>
					<styleUrl>#los_path_#ff0000</styleUrl>
					<LookAt>
						<longitude>25.71992</longitude>
						<latitude>-33.30111</latitude>
						<altitude>0</altitude>
						<altitudeMode>clampToGround</altitudeMode>
						<heading>221.81462364345248</heading>
						<range>2975.635495463336</range>
						<tilt>68</tilt>
					</LookAt>
					<LineString>
						<altitudeMode>relativeToGround</altitudeMode>
						<coordinates>
							25.73183,-33.31005,15.0
                            25.70802,-33.29216,10
						</coordinates>
					</LineString>
				</Placemark>
				<Placemark>
					<name>Ground</name>
					<styleUrl>#ground_path</styleUrl>
					<LookAt>
						<longitude>25.71992</longitude>
						<latitude>-33.30111</latitude>
						<altitude>0</altitude>
						<altitudeMode>clampToGround</altitudeMode>
						<heading>221.81462364345248</heading>
						<range>2975.635495463336</range>
						<tilt>68</tilt>
					</LookAt>
					<LineString>
						<altitudeMode>clampToGround</altitudeMode>
						<tessellate>1</tessellate>
						<coordinates>
							25.73183,-33.31005,0
								25.73171,-33.30996,0
								25.70814,-33.29225,0
							 25.70802,-33.29216,0
						</coordinates>
					</LineString>
				</Placemark>
				<Placemark id="end_140349983685856">
					<name>Tower</name>
					<styleUrl>#antenna</styleUrl>
					<Point>
						<altitudeMode>relativeToGround</altitudeMode>
						<extrude>1</extrude>
						<coordinates>
							25.73183,-33.31005,15.0
						</coordinates>
					</Point>
					<LookAt>
						<longitude>25.73183</longitude>
						<latitude>-33.31005</latitude>
						<altitude>15.0</altitude>
						<altitudeMode>clampToGround</altitudeMode>
						<heading>307.8146236434525</heading>
						<range>397.5635495463336</range>
						<tilt>68</tilt>
					</LookAt>
				</Placemark>
                <Placemark>
                    <name>Hp2</name>
                    <styleUrl>#msn_triangle</styleUrl>
                    <LookAt>
                        <longitude>25.73171</longitude>
                        <latitude>-33.30996</latitude>
                        <altitude>0</altitude>
                        <altitudeMode>clampToGround</altitudeMode>
                        <heading>221.81462364345248</heading>
                        <range>500</range>
                        <tilt>68</tilt>
                    </LookAt>
                    <Point>
                        <coordinates>
                            25.73171,-33.30996,694.2823679434547
                        </coordinates>
                    </Point>
                </Placemark><Placemark>
                    <name>Hp1</name>
                    <styleUrl>#msn_triangle</styleUrl>
                    <LookAt>
                        <longitude>25.70814</longitude>
                        <latitude>-33.29225</latitude>
                        <altitude>0</altitude>
                        <altitudeMode>clampToGround</altitudeMode>
                        <heading>221.81462364345248</heading>
                        <range>500</range>
                        <tilt>68</tilt>
                    </LookAt>
                    <Point>
                        <coordinates>
                            25.70814,-33.29225,676.8804944242459
                        </coordinates>
                    </Point>
                </Placemark>
				<Placemark id="end_140349981046016">
					<name>Staff 9</name>
					<styleUrl>#antenna</styleUrl>
					<Point>
						<altitudeMode>relativeToGround</altitudeMode>
						<extrude>1</extrude>
						<coordinates>
							25.70802,-33.29216,10
						</coordinates>
					</Point>
					<LookAt>
						<longitude>25.70802</longitude>
						<latitude>-33.29216</latitude>
						<altitude>10</altitude>
						<altitudeMode>clampToGround</altitudeMode>
						<heading>127.8276962608424</heading>
						<range>397.5635495463336</range>
						<tilt>68</tilt>
					</LookAt>
				</Placemark>
			</Folder><Folder>
				<name>Tower : 000 to Staff 10</name>
				<description></description>
				<LookAt>
					<longitude>25.71967</longitude>
					<latitude>-33.30166</latitude>
					<altitude>0</altitude>
					<altitudeMode>clampToGround</altitudeMode>
					<heading>219.41336579907778</heading>
					<range>2930.810798860154</range>
					<tilt>68</tilt>
				</LookAt>
                <Placemark>
                    <name>Vertical Fresnel</name>
                    <styleUrl>#pvertical_fresnel</styleUrl>
                    <LookAt>
                        <longitude>25.71967</longitude>
                        <latitude>-33.30166</latitude>
                        <altitude>0</altitude>
                        <altitudeMode>clampToGround</altitudeMode>
                        <heading>219.41336579907778</heading>
                        <range>2930.810798860154</range>
                        <tilt>68</tilt>
                    </LookAt>
                    <Polygon>
                        <extrude>0</extrude>
                        <altitudeMode>absolute</altitudeMode>
                        <outerBoundaryIs>
                            <LinearRing>
                            <coordinates>
                              25.73183,-33.31005,710.2322830152286
                              25.73179,-33.31002,709.9123479015473
                              25.73168,-33.30995,709.5339383328806
                              25.73149,-33.30982,709.0993873300545
                              25.73123,-33.30964,708.6113740445045
                              25.7309,-33.30941,708.072907240417
                              25.7305,-33.30914,707.4873067446973
                              25.73004,-33.30881,706.8581829791336
                              25.72951,-33.30845,706.1894147009457
                              25.72892,-33.30804,705.4851250889562
                              25.72827,-33.30759,704.7496563228234
                              25.72757,-33.30711,703.9875428120586
                              25.72682,-33.30659,703.2034832398841
                              25.72603,-33.30604,702.4023115942887
                              25.72519,-33.30547,701.588967364884
                              25.72433,-33.30487,700.7684650893085
                              25.72343,-33.30425,699.9458634369363
                              25.72251,-33.30362,699.1262340204968
                              25.72158,-33.30297,698.3146301278967
                              25.72063,-33.30232,697.5160555670197
                              25.71967,-33.30166,696.7354338155868
                              25.71872,-33.301,695.9775776662782
                              25.71777,-33.30035,695.2471595542675
                              25.71684,-33.2997,694.5486827501036
                              25.71592,-33.29907,693.8864535955514
                              25.71502,-33.29845,693.2645549535624
                              25.71416,-33.29785,692.6868210360668
                              25.71332,-33.29728,692.1568137647816
                              25.71253,-33.29673,691.6778008107799
                              25.71178,-33.29621,691.252735448211
                              25.71108,-33.29573,690.8842383463838
                              25.71043,-33.29528,690.5745814124685
                              25.70984,-33.29487,690.3256737844345
                              25.70931,-33.29451,690.1390500605784
                              25.70884,-33.29418,690.0158608382167
                              25.70845,-33.29391,689.9568656198697
                              25.70811,-33.29368,689.9624281306766
                              25.70786,-33.2935,690.0325140759084
                              25.70767,-33.29337,690.1666913524067
                              25.70756,-33.2933,690.3641327126437
                              25.70752,-33.29327,690.623547016579
                              25.70752,-33.29327,690.6236209849743
                              25.70756,-33.2933,690.9434670930717
                              25.70767,-33.29337,691.3218620533006
                              25.70786,-33.2935,691.7563990865036
                              25.70811,-33.29368,692.244399127373
                              25.70845,-33.29391,692.78285349338
                              25.70884,-33.29418,693.3684424343041
                              25.70931,-33.29451,693.9975555995965
                              25.70984,-33.29487,694.6663142973916
                              25.71043,-33.29528,695.3705954079329
                              25.71108,-33.29573,696.1060568039767
                              25.71178,-33.29621,696.8681641214504
                              25.71253,-33.29673,697.6522187153155
                              25.71332,-33.29728,698.4533866282763
                              25.71416,-33.29785,699.2667283937338
                              25.71502,-33.29845,700.0872294892407
                              25.71592,-33.29907,700.9098312526986
                              25.71684,-33.2997,701.7294620706932
                              25.71777,-33.30035,702.5410686466764
                              25.71872,-33.301,703.3396471562207
                              25.71967,-33.30166,704.1202740972609
                              25.72063,-33.30232,704.8781366451201
                              25.72158,-33.30297,705.6085623251762
                              25.72251,-33.30362,706.3070478202204
                              25.72343,-33.30425,706.9692867349057
                              25.72433,-33.30487,707.5911961461064
                              25.72519,-33.30547,708.1689417754965
                              25.72603,-33.30604,708.698961629151
                              25.72682,-33.30659,709.1779879584225
                              25.72757,-33.30711,709.6030674066985
                              25.72827,-33.30759,709.9715792178275
                              25.72892,-33.30804,710.2812513939509
                              25.72951,-33.30845,710.5301747031267
                              25.73004,-33.30881,710.7168144503784
                              25.7305,-33.30914,710.8400199396
                              25.7309,-33.30941,710.8990315679807
                              25.73123,-33.30964,710.8934855092081
                              25.73149,-33.30982,710.8234159565786
                              25.73168,-33.30995,710.6892549121849
                              25.73179,-33.31002,710.4918295234786
                              25.73183,-33.31005,710.2323569836333
                            </coordinates>
                            </LinearRing>
                        </outerBoundaryIs>
                    </Polygon>
                </Placemark>
                <Placemark>
                    <name>Ground Fresnel</name>
                    <styleUrl>#ground_fresnel</styleUrl>
                    <LookAt>
                        <longitude>25.71967</longitude>
                        <latitude>-33.30166</latitude>
                        <altitude>0</altitude>
                        <altitudeMode>clampToGround</altitudeMode>
                        <heading>219.41336579907778</heading>
                        <range>2930.810798860154</range>
                        <tilt>68</tilt>
                    </LookAt>
                    <visibility>1</visibility>
                    <Polygon>
                      <extrude>0</extrude>
                      <tessellate>1</tessellate>
                      <altitudeMode>clampToGround </altitudeMode>
                      <outerBoundaryIs>
                        <LinearRing>
                          <coordinates>
                              25.73183,-33.31005,0
                              25.73179,-33.31002,0
                              25.73168,-33.30995,0
                              25.73148,-33.30983,0
                              25.73122,-33.30965,0
                              25.73089,-33.30942,0
                              25.73049,-33.30915,0
                              25.73003,-33.30882,0
                              25.7295,-33.30847,0
                              25.7289,-33.30806,0
                              25.72825,-33.30761,0
                              25.72755,-33.30713,0
                              25.7268,-33.30661,0
                              25.72601,-33.30606,0
                              25.72517,-33.30549,0
                              25.72431,-33.30489,0
                              25.72341,-33.30427,0
                              25.72249,-33.30365,0
                              25.72156,-33.303,0
                              25.7206,-33.30235,0
                              25.71964,-33.30169,0
                              25.71869,-33.30103,0
                              25.71775,-33.30038,0
                              25.71682,-33.29973,0
                              25.7159,-33.29909,0
                              25.715,-33.29847,0
                              25.71414,-33.29787,0
                              25.7133,-33.2973,0
                              25.71251,-33.29675,0
                              25.71176,-33.29623,0
                              25.71106,-33.29575,0
                              25.71041,-33.2953,0
                              25.70983,-33.29489,0
                              25.7093,-33.29452,0
                              25.70883,-33.29419,0
                              25.70844,-33.29392,0
                              25.7081,-33.29369,0
                              25.70785,-33.29351,0
                              25.70767,-33.29337,0
                              25.70756,-33.2933,0
                              25.70752,-33.29327,0
                              25.70752,-33.29327,0
                              25.70756,-33.2933,0
                              25.70767,-33.29337,0
                              25.70787,-33.29349,0
                              25.70812,-33.29367,0
                              25.70846,-33.2939,0
                              25.70885,-33.29417,0
                              25.70932,-33.2945,0
                              25.70985,-33.29485,0
                              25.71045,-33.29526,0
                              25.7111,-33.29571,0
                              25.7118,-33.29619,0
                              25.71255,-33.29671,0
                              25.71334,-33.29726,0
                              25.71418,-33.29783,0
                              25.71504,-33.29843,0
                              25.71594,-33.29905,0
                              25.71686,-33.29967,0
                              25.71779,-33.30032,0
                              25.71875,-33.30097,0
                              25.7197,-33.30163,0
                              25.72066,-33.30229,0
                              25.7216,-33.30294,0
                              25.72253,-33.30359,0
                              25.72345,-33.30423,0
                              25.72435,-33.30485,0
                              25.72521,-33.30545,0
                              25.72605,-33.30602,0
                              25.72684,-33.30657,0
                              25.72759,-33.30709,0
                              25.72829,-33.30757,0
                              25.72894,-33.30802,0
                              25.72952,-33.30843,0
                              25.73005,-33.3088,0
                              25.73051,-33.30913,0
                              25.73091,-33.3094,0
                              25.73124,-33.30963,0
                              25.7315,-33.30981,0
                              25.73168,-33.30995,0
                              25.73179,-33.31002,0
                              25.73183,-33.31005,0
                          </coordinates>
                        </LinearRing>
                      </outerBoundaryIs>
                    </Polygon>
                </Placemark>
				<Placemark>
					<name>LoS</name>
					<styleUrl>#los_path_#ff0000</styleUrl>
					<LookAt>
						<longitude>25.71967</longitude>
						<latitude>-33.30166</latitude>
						<altitude>0</altitude>
						<altitudeMode>clampToGround</altitudeMode>
						<heading>219.41336579907778</heading>
						<range>2930.810798860154</range>
						<tilt>68</tilt>
					</LookAt>
					<LineString>
						<altitudeMode>relativeToGround</altitudeMode>
						<coordinates>
							25.73183,-33.31005,15.0
                            25.70752,-33.29327,10
						</coordinates>
					</LineString>
				</Placemark>
				<Placemark>
					<name>Ground</name>
					<styleUrl>#ground_path</styleUrl>
					<LookAt>
						<longitude>25.71967</longitude>
						<latitude>-33.30166</latitude>
						<altitude>0</altitude>
						<altitudeMode>clampToGround</altitudeMode>
						<heading>219.41336579907778</heading>
						<range>2930.810798860154</range>
						<tilt>68</tilt>
					</LookAt>
					<LineString>
						<altitudeMode>clampToGround</altitudeMode>
						<tessellate>1</tessellate>
						<coordinates>
							25.73183,-33.31005,0
								25.73171,-33.30996,0
								25.70764,-33.29336,0
							 25.70752,-33.29327,0
						</coordinates>
					</LineString>
				</Placemark>
				<Placemark id="end_140349983685856">
					<name>Tower</name>
					<styleUrl>#antenna</styleUrl>
					<Point>
						<altitudeMode>relativeToGround</altitudeMode>
						<extrude>1</extrude>
						<coordinates>
							25.73183,-33.31005,15.0
						</coordinates>
					</Point>
					<LookAt>
						<longitude>25.73183</longitude>
						<latitude>-33.31005</latitude>
						<altitude>15.0</altitude>
						<altitudeMode>clampToGround</altitudeMode>
						<heading>305.4133657990778</heading>
						<range>393.0810798860154</range>
						<tilt>68</tilt>
					</LookAt>
				</Placemark>
                <Placemark>
                    <name>Hp2</name>
                    <styleUrl>#msn_triangle</styleUrl>
                    <LookAt>
                        <longitude>25.73171</longitude>
                        <latitude>-33.30996</latitude>
                        <altitude>0</altitude>
                        <altitudeMode>clampToGround</altitudeMode>
                        <heading>219.41336579907784</heading>
                        <range>500</range>
                        <tilt>68</tilt>
                    </LookAt>
                    <Point>
                        <coordinates>
                            25.73171,-33.30996,694.4564451910894
                        </coordinates>
                    </Point>
                </Placemark><Placemark>
                    <name>Hp1</name>
                    <styleUrl>#msn_triangle</styleUrl>
                    <LookAt>
                        <longitude>25.70764</longitude>
                        <latitude>-33.29336</latitude>
                        <altitude>0</altitude>
                        <altitudeMode>clampToGround</altitudeMode>
                        <heading>219.41336579907784</heading>
                        <range>500</range>
                        <tilt>68</tilt>
                    </LookAt>
                    <Point>
                        <coordinates>
                            25.70764,-33.29336,678.5939117887569
                        </coordinates>
                    </Point>
                </Placemark>
				<Placemark id="end_140349983375136">
					<name>Staff 10</name>
					<styleUrl>#antenna</styleUrl>
					<Point>
						<altitudeMode>relativeToGround</altitudeMode>
						<extrude>1</extrude>
						<coordinates>
							25.70752,-33.29327,10
						</coordinates>
					</Point>
					<LookAt>
						<longitude>25.70752</longitude>
						<latitude>-33.29327</latitude>
						<altitude>10</altitude>
						<altitudeMode>clampToGround</altitudeMode>
						<heading>125.42671313274141</heading>
						<range>393.0810798860154</range>
						<tilt>68</tilt>
					</LookAt>
				</Placemark>
			</Folder><Folder>
				<name>Tower : 000 to Villas</name>
				<description></description>
				<LookAt>
					<longitude>25.73297</longitude>
					<latitude>-33.30215</latitude>
					<altitude>0</altitude>
					<altitudeMode>clampToGround</altitudeMode>
					<heading>-83.12025807421969</heading>
					<range>1765.0822832080726</range>
					<tilt>68</tilt>
				</LookAt>
                <Placemark>
                    <name>Vertical Fresnel</name>
                    <styleUrl>#pvertical_fresnel</styleUrl>
                    <LookAt>
                        <longitude>25.73297</longitude>
                        <latitude>-33.30215</latitude>
                        <altitude>0</altitude>
                        <altitudeMode>clampToGround</altitudeMode>
                        <heading>-83.12025807421969</heading>
                        <range>1765.0822832080726</range>
                        <tilt>68</tilt>
                    </LookAt>
                    <Polygon>
                        <extrude>0</extrude>
                        <altitudeMode>absolute</altitudeMode>
                        <outerBoundaryIs>
                            <LinearRing>
                            <coordinates>
                              25.73183,-33.31005,710.2322912829798
                              25.73183,-33.31003,709.8848748738396
                              25.73184,-33.30995,709.2944783017056
                              25.73186,-33.30983,708.4647415577726
                              25.73189,-33.30966,707.4007802449828
                              25.73192,-33.30945,706.1091540386324
                              25.73195,-33.30919,704.5978262437927
                              25.732,-33.30889,702.8761146988867
                              25.73205,-33.30854,700.9546343281157
                              25.7321,-33.30816,698.8452316969225
                              25.73216,-33.30774,696.5609119739763
                              25.73223,-33.30728,694.1157587499821
                              25.7323,-33.30679,691.5248472076619
                              25.73237,-33.30628,688.8041511782397
                              25.73245,-33.30574,685.9704446574601
                              25.73253,-33.30517,683.0411983883267
                              25.73261,-33.30459,680.0344721481619
                              25.7327,-33.30399,676.9688034040743
                              25.73279,-33.30339,673.8630930233095
                              25.73288,-33.30277,670.7364887431185
                              25.73297,-33.30215,667.6082671185899
                              25.73305,-33.30153,664.4977146762783
                              25.73314,-33.30091,661.4240090063543
                              25.73323,-33.30031,658.4061005263836
                              25.73332,-33.29971,655.4625956457019
                              25.7334,-33.29913,652.611642050713
                              25.73348,-33.29856,649.8708168183686
                              25.73356,-33.29802,647.2570180476426
                              25.73363,-33.29751,644.7863606771332
                              25.7337,-33.29702,642.4740771311062
                              25.73377,-33.29656,640.3344234065355
                              25.73383,-33.29614,638.3805911801398
                              25.73388,-33.29576,636.6246264773104
                              25.73393,-33.29541,635.0773554043573
                              25.73398,-33.29511,633.7483174019654
                              25.73401,-33.29485,632.6457064313693
                              25.73404,-33.29464,631.776320455858
                              25.73407,-33.29447,631.145519529071
                              25.73409,-33.29435,630.7571927484843
                              25.7341,-33.29427,630.6137342778319
                              25.7341,-33.29425,630.7159712763746
                              25.7341,-33.29425,630.7160287063016
                              25.7341,-33.29427,631.0633255944086
                              25.73409,-33.29435,631.6536606923113
                              25.73407,-33.29447,632.4833370779086
                              25.73404,-33.29464,633.5472395203881
                              25.73401,-33.29485,634.8388087074084
                              25.73398,-33.29511,636.3500816854411
                              25.73393,-33.29541,638.0717409540274
                              25.73388,-33.29576,639.9931719112667
                              25.73383,-33.29614,642.1025282963669
                              25.73377,-33.29656,644.3868052257819
                              25.7337,-33.29702,646.8319193726425
                              25.73363,-33.29751,649.4227957951505
                              25.73356,-33.29802,652.143460878607
                              25.73348,-33.29856,654.9771408180599
                              25.7334,-33.29913,657.906365034388
                              25.73332,-33.29971,660.913073886232
                              25.73323,-33.30031,663.9787300136879
                              25.73314,-33.30091,667.0844326272959
                              25.73305,-33.30153,670.2110340376923
                              25.73297,-33.30215,673.3392577074814
                              25.73288,-33.30277,676.449817097499
                              25.73279,-33.30339,679.5235345747398
                              25.7327,-33.30399,682.5414596488416
                              25.73261,-33.30459,685.484985808161
                              25.73253,-33.30517,688.3359652351038
                              25.73245,-33.30574,691.076820693456
                              25.73237,-33.30628,693.69065389789
                              25.7323,-33.30679,696.1613496975128
                              25.73223,-33.30728,698.4736754311299
                              25.73216,-33.30774,700.6133748416671
                              25.7321,-33.30816,702.5672559707365
                              25.73205,-33.30854,704.3232724914457
                              25.732,-33.30889,705.8705979780099
                              25.73195,-33.30919,707.1996926542663
                              25.73192,-33.30945,708.3023622095673
                              25.73189,-33.30966,709.1718083194294
                              25.73186,-33.30983,709.8026705594652
                              25.73184,-33.30995,710.1910594541819
                              25.73183,-33.31003,710.3345804568912
                              25.73183,-33.31005,710.2323487128867
                            </coordinates>
                            </LinearRing>
                        </outerBoundaryIs>
                    </Polygon>
                </Placemark>
                <Placemark>
                    <name>Ground Fresnel</name>
                    <styleUrl>#ground_fresnel</styleUrl>
                    <LookAt>
                        <longitude>25.73297</longitude>
                        <latitude>-33.30215</latitude>
                        <altitude>0</altitude>
                        <altitudeMode>clampToGround</altitudeMode>
                        <heading>-83.12025807421969</heading>
                        <range>1765.0822832080726</range>
                        <tilt>68</tilt>
                    </LookAt>
                    <visibility>1</visibility>
                    <Polygon>
                      <extrude>0</extrude>
                      <tessellate>1</tessellate>
                      <altitudeMode>clampToGround </altitudeMode>
                      <outerBoundaryIs>
                        <LinearRing>
                          <coordinates>
                              25.73183,-33.31005,0
                              25.73183,-33.31003,0
                              25.73184,-33.30995,0
                              25.73185,-33.30983,0
                              25.73188,-33.30966,0
                              25.73191,-33.30945,0
                              25.73194,-33.30919,0
                              25.73198,-33.30889,0
                              25.73203,-33.30854,0
                              25.73208,-33.30816,0
                              25.73214,-33.30774,0
                              25.73221,-33.30728,0
                              25.73228,-33.30679,0
                              25.73234,-33.30628,0
                              25.73242,-33.30574,0
                              25.7325,-33.30517,0
                              25.73258,-33.30459,0
                              25.73267,-33.30399,0
                              25.73276,-33.30339,0
                              25.73285,-33.30277,0
                              25.73294,-33.30215,0
                              25.73302,-33.30153,0
                              25.73311,-33.30091,0
                              25.7332,-33.30031,0
                              25.73329,-33.29971,0
                              25.73337,-33.29913,0
                              25.73345,-33.29856,0
                              25.73353,-33.29802,0
                              25.73361,-33.29751,0
                              25.73368,-33.29702,0
                              25.73375,-33.29656,0
                              25.73381,-33.29614,0
                              25.73386,-33.29576,0
                              25.73391,-33.29541,0
                              25.73397,-33.29511,0
                              25.734,-33.29485,0
                              25.73403,-33.29464,0
                              25.73406,-33.29447,0
                              25.73409,-33.29435,0
                              25.7341,-33.29427,0
                              25.7341,-33.29425,0
                              25.7341,-33.29425,0
                              25.7341,-33.29427,0
                              25.73409,-33.29435,0
                              25.73408,-33.29447,0
                              25.73405,-33.29464,0
                              25.73402,-33.29485,0
                              25.73399,-33.29511,0
                              25.73395,-33.29541,0
                              25.7339,-33.29576,0
                              25.73385,-33.29614,0
                              25.73379,-33.29656,0
                              25.73372,-33.29702,0
                              25.73365,-33.29751,0
                              25.73359,-33.29802,0
                              25.73351,-33.29856,0
                              25.73343,-33.29913,0
                              25.73335,-33.29971,0
                              25.73326,-33.30031,0
                              25.73317,-33.30091,0
                              25.73308,-33.30153,0
                              25.733,-33.30215,0
                              25.73291,-33.30277,0
                              25.73282,-33.30339,0
                              25.73273,-33.30399,0
                              25.73264,-33.30459,0
                              25.73256,-33.30517,0
                              25.73248,-33.30574,0
                              25.7324,-33.30628,0
                              25.73232,-33.30679,0
                              25.73225,-33.30728,0
                              25.73218,-33.30774,0
                              25.73212,-33.30816,0
                              25.73207,-33.30854,0
                              25.73202,-33.30889,0
                              25.73196,-33.30919,0
                              25.73193,-33.30945,0
                              25.7319,-33.30966,0
                              25.73187,-33.30983,0
                              25.73184,-33.30995,0
                              25.73183,-33.31003,0
                              25.73183,-33.31005,0
                          </coordinates>
                        </LinearRing>
                      </outerBoundaryIs>
                    </Polygon>
                </Placemark>
				<Placemark>
					<name>LoS</name>
					<styleUrl>#los_path_#ff0000</styleUrl>
					<LookAt>
						<longitude>25.73297</longitude>
						<latitude>-33.30215</latitude>
						<altitude>0</altitude>
						<altitudeMode>clampToGround</altitudeMode>
						<heading>-83.12025807421969</heading>
						<range>1765.0822832080726</range>
						<tilt>68</tilt>
					</LookAt>
					<LineString>
						<altitudeMode>relativeToGround</altitudeMode>
						<coordinates>
							25.73183,-33.31005,15.0
                            25.7341,-33.29425,10
						</coordinates>
					</LineString>
				</Placemark>
				<Placemark>
					<name>Ground</name>
					<styleUrl>#ground_path</styleUrl>
					<LookAt>
						<longitude>25.73297</longitude>
						<latitude>-33.30215</latitude>
						<altitude>0</altitude>
						<altitudeMode>clampToGround</altitudeMode>
						<heading>-83.12025807421969</heading>
						<range>1765.0822832080726</range>
						<tilt>68</tilt>
					</LookAt>
					<LineString>
						<altitudeMode>clampToGround</altitudeMode>
						<tessellate>1</tessellate>
						<coordinates>
							25.73183,-33.31005,0
								25.73408,-33.29438,0
							 25.7341,-33.29425,0
						</coordinates>
					</LineString>
				</Placemark>
				<Placemark id="end_140349983685856">
					<name>Tower</name>
					<styleUrl>#antenna</styleUrl>
					<Point>
						<altitudeMode>relativeToGround</altitudeMode>
						<extrude>1</extrude>
						<coordinates>
							25.73183,-33.31005,15.0
						</coordinates>
					</Point>
					<LookAt>
						<longitude>25.73183</longitude>
						<latitude>-33.31005</latitude>
						<altitude>15.0</altitude>
						<altitudeMode>clampToGround</altitudeMode>
						<heading>2.879741925780304</heading>
						<range>276.50822832080723</range>
						<tilt>68</tilt>
					</LookAt>
				</Placemark>
                <Placemark>
                    <name>Hp1</name>
                    <styleUrl>#msn_triangle</styleUrl>
                    <LookAt>
                        <longitude>25.73408</longitude>
                        <latitude>-33.29438</latitude>
                        <altitude>0</altitude>
                        <altitudeMode>clampToGround</altitudeMode>
                        <heading>276.8797419257803</heading>
                        <range>500</range>
                        <tilt>68</tilt>
                    </LookAt>
                    <Point>
                        <coordinates>
                            25.73408,-33.29438,619.0761770264475
                        </coordinates>
                    </Point>
                </Placemark>
				<Placemark id="end_140349975104400">
					<name>Villas</name>
					<styleUrl>#antenna</styleUrl>
					<Point>
						<altitudeMode>relativeToGround</altitudeMode>
						<extrude>1</extrude>
						<coordinates>
							25.7341,-33.29425,10
						</coordinates>
					</Point>
					<LookAt>
						<longitude>25.7341</longitude>
						<latitude>-33.29425</latitude>
						<altitude>10</altitude>
						<altitudeMode>clampToGround</altitudeMode>
						<heading>182.87849557277715</heading>
						<range>276.50822832080723</range>
						<tilt>68</tilt>
					</LookAt>
				</Placemark>
			</Folder>
		</Folder>
		<Folder>
            <name>Subscribers</name>
            <Placemark id="subscriber_140349983683312">
                <name>1</name>
                <description>
                  <![CDATA[
                  ]]>
                </description>
                <styleUrl>#subscriber</styleUrl>
                <Point>
                    <altitudeMode>relativeToGround</altitudeMode>
                    <extrude>1</extrude>
                    <coordinates>25.73594,-33.30402,10</coordinates>
                </Point>
            </Placemark><Placemark id="subscriber_140349974776720">
                <name>2</name>
                <description>
                  <![CDATA[
                  ]]>
                </description>
                <styleUrl>#subscriber</styleUrl>
                <Point>
                    <altitudeMode>relativeToGround</altitudeMode>
                    <extrude>1</extrude>
                    <coordinates>25.73599,-33.30329,10</coordinates>
                </Point>
            </Placemark><Placemark id="subscriber_140349975101520">
                <name>3</name>
                <description>
                  <![CDATA[
                  ]]>
                </description>
                <styleUrl>#subscriber</styleUrl>
                <Point>
                    <altitudeMode>relativeToGround</altitudeMode>
                    <extrude>1</extrude>
                    <coordinates>25.73572,-33.30349,10</coordinates>
                </Point>
            </Placemark><Placemark id="subscriber_140349983820736">
                <name>4</name>
                <description>
                  <![CDATA[
                  ]]>
                </description>
                <styleUrl>#subscriber</styleUrl>
                <Point>
                    <altitudeMode>relativeToGround</altitudeMode>
                    <extrude>1</extrude>
                    <coordinates>25.73557,-33.30318,10</coordinates>
                </Point>
            </Placemark><Placemark id="subscriber_140349974575200">
                <name>5</name>
                <description>
                  <![CDATA[
                  ]]>
                </description>
                <styleUrl>#subscriber</styleUrl>
                <Point>
                    <altitudeMode>relativeToGround</altitudeMode>
                    <extrude>1</extrude>
                    <coordinates>25.73586,-33.30305,10</coordinates>
                </Point>
            </Placemark><Placemark id="subscriber_140349985052464">
                <name>6</name>
                <description>
                  <![CDATA[
                  ]]>
                </description>
                <styleUrl>#subscriber</styleUrl>
                <Point>
                    <altitudeMode>relativeToGround</altitudeMode>
                    <extrude>1</extrude>
                    <coordinates>25.73554,-33.30391,10</coordinates>
                </Point>
            </Placemark><Placemark id="subscriber_140349983211344">
                <name>7</name>
                <description>
                  <![CDATA[
                  ]]>
                </description>
                <styleUrl>#subscriber</styleUrl>
                <Point>
                    <altitudeMode>relativeToGround</altitudeMode>
                    <extrude>1</extrude>
                    <coordinates>25.73526,-33.30376,10</coordinates>
                </Point>
            </Placemark><Placemark id="subscriber_140349974789392">
                <name>8</name>
                <description>
                  <![CDATA[
                  ]]>
                </description>
                <styleUrl>#subscriber</styleUrl>
                <Point>
                    <altitudeMode>relativeToGround</altitudeMode>
                    <extrude>1</extrude>
                    <coordinates>25.73487,-33.30376,10</coordinates>
                </Point>
            </Placemark><Placemark id="subscriber_140349973835136">
                <name>9</name>
                <description>
                  <![CDATA[
                  ]]>
                </description>
                <styleUrl>#subscriber</styleUrl>
                <Point>
                    <altitudeMode>relativeToGround</altitudeMode>
                    <extrude>1</extrude>
                    <coordinates>25.73475,-33.30345,10</coordinates>
                </Point>
            </Placemark><Placemark id="subscriber_140349982055584">
                <name>10</name>
                <description>
                  <![CDATA[
                  ]]>
                </description>
                <styleUrl>#subscriber</styleUrl>
                <Point>
                    <altitudeMode>relativeToGround</altitudeMode>
                    <extrude>1</extrude>
                    <coordinates>25.7345,-33.30336,10</coordinates>
                </Point>
            </Placemark><Placemark id="subscriber_140349974779072">
                <name>11</name>
                <description>
                  <![CDATA[
                  ]]>
                </description>
                <styleUrl>#subscriber</styleUrl>
                <Point>
                    <altitudeMode>relativeToGround</altitudeMode>
                    <extrude>1</extrude>
                    <coordinates>25.73624,-33.30338,10</coordinates>
                </Point>
            </Placemark><Placemark id="subscriber_140349981761008">
                <name>Boma</name>
                <description>
                  <![CDATA[
                  ]]>
                </description>
                <styleUrl>#subscriber</styleUrl>
                <Point>
                    <altitudeMode>relativeToGround</altitudeMode>
                    <extrude>1</extrude>
                    <coordinates>25.73432,-33.30185,10</coordinates>
                </Point>
            </Placemark><Placemark id="subscriber_140349974574768">
                <name>Directors House</name>
                <description>
                  <![CDATA[
                  ]]>
                </description>
                <styleUrl>#subscriber</styleUrl>
                <Point>
                    <altitudeMode>relativeToGround</altitudeMode>
                    <extrude>1</extrude>
                    <coordinates>25.71206,-33.29671,10</coordinates>
                </Point>
            </Placemark><Placemark id="subscriber_140349983542016">
                <name>Main Link</name>
                <description>
                  <![CDATA[
                  ]]>
                </description>
                <styleUrl>#subscriber</styleUrl>
                <Point>
                    <altitudeMode>relativeToGround</altitudeMode>
                    <extrude>1</extrude>
                    <coordinates>25.73612,-33.30369,10</coordinates>
                </Point>
            </Placemark><Placemark id="subscriber_140349975112608">
                <name>School</name>
                <description>
                  <![CDATA[
                  ]]>
                </description>
                <styleUrl>#subscriber</styleUrl>
                <Point>
                    <altitudeMode>relativeToGround</altitudeMode>
                    <extrude>1</extrude>
                    <coordinates>25.73428,-33.30258,10</coordinates>
                </Point>
            </Placemark><Placemark id="subscriber_140349974781184">
                <name>Spa</name>
                <description>
                  <![CDATA[
                  ]]>
                </description>
                <styleUrl>#subscriber</styleUrl>
                <Point>
                    <altitudeMode>relativeToGround</altitudeMode>
                    <extrude>1</extrude>
                    <coordinates>25.73746,-33.30408,10</coordinates>
                </Point>
            </Placemark><Placemark id="subscriber_140349983552960">
                <name>Staff 1</name>
                <description>
                  <![CDATA[
                  ]]>
                </description>
                <styleUrl>#subscriber</styleUrl>
                <Point>
                    <altitudeMode>relativeToGround</altitudeMode>
                    <extrude>1</extrude>
                    <coordinates>25.71291,-33.29702,10</coordinates>
                </Point>
            </Placemark><Placemark id="subscriber_140349974978176">
                <name>Staff 2</name>
                <description>
                  <![CDATA[
                  ]]>
                </description>
                <styleUrl>#subscriber</styleUrl>
                <Point>
                    <altitudeMode>relativeToGround</altitudeMode>
                    <extrude>1</extrude>
                    <coordinates>25.7124,-33.29685,10</coordinates>
                </Point>
            </Placemark><Placemark id="subscriber_140349981222976">
                <name>Staff 3</name>
                <description>
                  <![CDATA[
                  ]]>
                </description>
                <styleUrl>#subscriber</styleUrl>
                <Point>
                    <altitudeMode>relativeToGround</altitudeMode>
                    <extrude>1</extrude>
                    <coordinates>25.70994,-33.29568,10</coordinates>
                </Point>
            </Placemark><Placemark id="subscriber_140349974971072">
                <name>Staff 4</name>
                <description>
                  <![CDATA[
                  ]]>
                </description>
                <styleUrl>#subscriber</styleUrl>
                <Point>
                    <altitudeMode>relativeToGround</altitudeMode>
                    <extrude>1</extrude>
                    <coordinates>25.70807,-33.29353,10</coordinates>
                </Point>
            </Placemark><Placemark id="subscriber_140349981217552">
                <name>Staff 5</name>
                <description>
                  <![CDATA[
                  ]]>
                </description>
                <styleUrl>#subscriber</styleUrl>
                <Point>
                    <altitudeMode>relativeToGround</altitudeMode>
                    <extrude>1</extrude>
                    <coordinates>25.70797,-33.29312,10</coordinates>
                </Point>
            </Placemark><Placemark id="subscriber_140349983676640">
                <name>Staff 6</name>
                <description>
                  <![CDATA[
                  ]]>
                </description>
                <styleUrl>#subscriber</styleUrl>
                <Point>
                    <altitudeMode>relativeToGround</altitudeMode>
                    <extrude>1</extrude>
                    <coordinates>25.7078,-33.29286,10</coordinates>
                </Point>
            </Placemark><Placemark id="subscriber_140349987079664">
                <name>Staff 7</name>
                <description>
                  <![CDATA[
                  ]]>
                </description>
                <styleUrl>#subscriber</styleUrl>
                <Point>
                    <altitudeMode>relativeToGround</altitudeMode>
                    <extrude>1</extrude>
                    <coordinates>25.70789,-33.29254,10</coordinates>
                </Point>
            </Placemark><Placemark id="subscriber_140349983674192">
                <name>Staff 8</name>
                <description>
                  <![CDATA[
                  ]]>
                </description>
                <styleUrl>#subscriber</styleUrl>
                <Point>
                    <altitudeMode>relativeToGround</altitudeMode>
                    <extrude>1</extrude>
                    <coordinates>25.7078,-33.29199,10</coordinates>
                </Point>
            </Placemark><Placemark id="subscriber_140349981046016">
                <name>Staff 9</name>
                <description>
                  <![CDATA[
                  ]]>
                </description>
                <styleUrl>#subscriber</styleUrl>
                <Point>
                    <altitudeMode>relativeToGround</altitudeMode>
                    <extrude>1</extrude>
                    <coordinates>25.70802,-33.29216,10</coordinates>
                </Point>
            </Placemark><Placemark id="subscriber_140349983375136">
                <name>Staff 10</name>
                <description>
                  <![CDATA[
                  ]]>
                </description>
                <styleUrl>#subscriber</styleUrl>
                <Point>
                    <altitudeMode>relativeToGround</altitudeMode>
                    <extrude>1</extrude>
                    <coordinates>25.70752,-33.29327,10</coordinates>
                </Point>
            </Placemark><Placemark id="subscriber_140349975104400">
                <name>Villas</name>
                <description>
                  <![CDATA[
                  ]]>
                </description>
                <styleUrl>#subscriber</styleUrl>
                <Point>
                    <altitudeMode>relativeToGround</altitudeMode>
                    <extrude>1</extrude>
                    <coordinates>25.7341,-33.29425,10</coordinates>
                </Point>
            </Placemark><Placemark id="subscriber_140349975320320">
                <name>Workshop</name>
                <description>
                  <![CDATA[
                  ]]>
                </description>
                <styleUrl>#subscriber</styleUrl>
                <Point>
                    <altitudeMode>relativeToGround</altitudeMode>
                    <extrude>1</extrude>
                    <coordinates>25.73409,-33.30224,10</coordinates>
                </Point>
            </Placemark>
        </Folder>
		<!-- Include gis layers -->
		<!--  Include gis layers ends -->
	</Document>
</kml>